Progress,Duration (in seconds),consent,gender,gender_3_TEXT,ethnicity,ethnicity_10_TEXT,age,attention_check_rec,attention_check,tribe_preference,choleric_definition,comments,condition,condition_1-tribe_a-positive_trait_1,condition_1-tribe_a-positive_trait_2,condition_1-tribe_a-positive_trait_3,condition_1-tribe_a-positive_trait_4,condition_1-tribe_a-positive_trait_5,condition_1-tribe_a-positive_trait_6,condition_1-tribe_a-negative_trait_1,condition_1-tribe_a-negative_trait_2,condition_1-tribe_a-negative_trait_3,condition_1-tribe_a-negative_trait_4,condition_1-tribe_a-negative_trait_5,condition_1-tribe_a-negative_trait_6,condition_1-tribe_b-positive_trait_1,condition_1-tribe_b-positive_trait_2,condition_1-tribe_b-positive_trait_3,condition_1-tribe_b-positive_trait_4,condition_1-tribe_b-positive_trait_5,condition_1-tribe_b-positive_trait_6,condition_1-tribe_b-negative_trait_1,condition_1-tribe_b-negative_trait_2,condition_1-tribe_b-negative_trait_3,condition_1-tribe_b-negative_trait_4,condition_1-tribe_b-negative_trait_5,condition_1-tribe_b-negative_trait_6,condition_2-tribe_a-positive_trait_1,condition_2-tribe_a-positive_trait_2,condition_2-tribe_a-positive_trait_3,condition_2-tribe_a-positive_trait_4,condition_2-tribe_a-positive_trait_5,condition_2-tribe_a-positive_trait_6,condition_2-tribe_a-negative_trait_1,condition_2-tribe_a-negative_trait_2,condition_2-tribe_a-negative_trait_3,condition_2-tribe_a-negative_trait_4,condition_2-tribe_a-negative_trait_5,condition_2-tribe_a-negative_trait_6,condition_2-tribe_b-positive_trait_1,condition_2-tribe_b-positive_trait_2,condition_2-tribe_b-positive_trait_3,condition_2-tribe_b-positive_trait_4,condition_2-tribe_b-positive_trait_5,condition_2-tribe_b-positive_trait_6,condition_2-tribe_b-negative_trait_1,condition_2-tribe_b-negative_trait_2,condition_2-tribe_b-negative_trait_3,condition_2-tribe_b-negative_trait_4,condition_2-tribe_b-negative_trait_5,condition_2-tribe_b-negative_trait_6,condition_3-tribe_b-positive_trait_1,condition_3-tribe_b-positive_trait_2,condition_3-tribe_b-positive_trait_3,condition_3-tribe_b-positive_trait_4,condition_3-tribe_b-positive_trait_5,condition_3-tribe_b-positive_trait_6,condition_3-tribe_b-negative_trait_1,condition_3-tribe_b-negative_trait_2,condition_3-tribe_b-negative_trait_3,condition_3-tribe_b-negative_trait_4,condition_3-tribe_b-negative_trait_5,condition_3-tribe_b-negative_trait_6,condition_3-tribe_a-positive_trait_1,condition_3-tribe_a-positive_trait_2,condition_3-tribe_a-positive_trait_3,condition_3-tribe_a-positive_trait_4,condition_3-tribe_a-positive_trait_5,condition_3-tribe_a-positive_trait_6,condition_3-tribe_a-negative_trait_1,condition_3-tribe_a-negative_trait_2,condition_3-tribe_a-negative_trait_3,condition_3-tribe_a-negative_trait_4,condition_3-tribe_a-negative_trait_5,condition_3-tribe_a-negative_trait_6,condition_4-tribe_b-positive_trait_1,condition_4-tribe_b-positive_trait_2,condition_4-tribe_b-positive_trait_3,condition_4-tribe_b-positive_trait_4,condition_4-tribe_b-positive_trait_5,condition_4-tribe_b-positive_trait_6,condition_4-tribe_b-negative_trait_1,condition_4-tribe_b-negative_trait_2,condition_4-tribe_b-negative_trait_3,condition_4-tribe_b-negative_trait_4,condition_4-tribe_b-negative_trait_5,condition_4-tribe_b-negative_trait_6,condition_4-tribe_a-positive_trait_1,condition_4-tribe_a-positive_trait_2,condition_4-tribe_a-positive_trait_3,condition_4-tribe_a-positive_trait_4,condition_4-tribe_a-positive_trait_5,condition_4-tribe_a-positive_trait_6,condition_4-tribe_a-negative_trait_1,condition_4-tribe_a-negative_trait_2,condition_4-tribe_a-negative_trait_3,condition_4-tribe_a-negative_trait_4,condition_4-tribe_a-negative_trait_5,condition_4-tribe_a-negative_trait_6
100,161,1,2.0,,5.0,,35.0,1.0,pilut,0.0,1.0,,2.0,,,,,,,,,,,,,,,,,,,,,,,,,Tolerant,,Funny,Relaxed,,,Resentful,,Faithless,Choleric,,,,Likeable,,,Caring,Trustworthy,Resentful,,Faithless,Choleric,,,,,,,,,,,,,,,,,,,,,,,,,,,,,,,,,,,,,,,,,,,,,,,,,,
100,130,1,2.0,,5.0,,35.0,1.0,pilut,1.0,2.0,,3.0,,,,,,,,,,,,,,,,,,,,,,,,,,,,,,,,,,,,,,,,,,,,,,,,,,Likeable,,,Caring,Trustworthy,,Dumb,Faithless,,,Egoistic,,Likeable,,,Caring,Trustworthy,Resentful,,,Choleric,Withdrawn,,,,,,,,,,,,,,,,,,,,,,,,,
100,205,1,2.0,,5.0,,18.0,1.0,pilut,1.0,1.0,,4.0,,,,,,,,,,,,,,,,,,,,,,,,,,,,,,,,,,,,,,,,,,,,,,,,,,,,,,,,,,,,,,,,,,,,,,,,,,,,Relaxed,Caring,Trustworthy,Resentful,,Faithless,,,Egoistic,Tolerant,Likeable,Funny,,,,Resentful,,Faithless,,,Egoistic
100,264,1,1.0,,5.0,,25.0,1.0,pilut,0.0,1.0,,2.0,,,,,,,,,,,,,,,,,,,,,,,,,,,,Relaxed,Caring,Trustworthy,,Dumb,Faithless,Choleric,,,Tolerant,Likeable,Funny,,,,,Dumb,Faithless,Choleric,,,,,,,,,,,,,,,,,,,,,,,,,,,,,,,,,,,,,,,,,,,,,,,,,,
100,182,1,1.0,,5.0,,24.0,1.0,pilut,1.0,1.0,,3.0,,,,,,,,,,,,,,,,,,,,,,,,,,,,,,,,,,,,,,,,,,,,,,,,,,Likeable,Funny,,Caring,,Resentful,,,Choleric,Withdrawn,,,Likeable,Funny,,Caring,,,Dumb,Faithless,,,Egoistic,,,,,,,,,,,,,,,,,,,,,,,,
100,206,1,1.0,,4.0,,23.0,1.0,Pilut,0.0,1.0,,2.0,,,,,,,,,,,,,,,,,,,,,,,,,Tolerant,Likeable,,,Caring,,Resentful,,,,Withdrawn,Egoistic,,,Funny,Relaxed,,Trustworthy,Resentful,,,,Withdrawn,Egoistic,,,,,,,,,,,,,,,,,,,,,,,,,,,,,,,,,,,,,,,,,,,,,,,,
100,303,1,2.0,,4.0,,23.0,1.0,Pilut,0.0,1.0,,4.0,,,,,,,,,,,,,,,,,,,,,,,,,,,,,,,,,,,,,,,,,,,,,,,,,,,,,,,,,,,,,,,,,,,,,,,,,,Likeable,,Relaxed,Caring,,Resentful,Dumb,,Choleric,,,Tolerant,,Funny,,,Trustworthy,Resentful,Dumb,,Choleric,,
100,150,1,2.0,,5.0,,43.0,1.0,pilut,0.0,2.0,,1.0,,,Funny,Relaxed,Caring,,,,Faithless,,Withdrawn,Egoistic,,,Funny,Relaxed,Caring,,Resentful,Dumb,,Choleric,,,,,,,,,,,,,,,,,,,,,,,,,,,,,,,,,,,,,,,,,,,,,,,,,,,,,,,,,,,,,,,,,,,,,,,,,,
100,366,1,1.0,,5.0,,54.0,1.0,Pilut,0.0,2.0,,1.0,,Likeable,Funny,,,Trustworthy,Resentful,,,Choleric,,Egoistic,,Likeable,Funny,,,Trustworthy,,Dumb,Faithless,,Withdrawn,,,,,,,,,,,,,,,,,,,,,,,,,,,,,,,,,,,,,,,,,,,,,,,,,,,,,,,,,,,,,,,,,,,,,,,,,
100,298,1,2.0,,5.0,,28.0,1.0,Pilut,0.0,1.0,,4.0,,,,,,,,,,,,,,,,,,,,,,,,,,,,,,,,,,,,,,,,,,,,,,,,,,,,,,,,,,,,,,,,,,,,,,,,,Tolerant,Likeable,,,,Trustworthy,,Dumb,Faithless,Choleric,,,,,Funny,Relaxed,Caring,,,Dumb,Faithless,Choleric,,
100,355,1,1.0,,5.0,,22.0,1.0,pilut,0.0,1.0,,1.0,Tolerant,,Funny,,Caring,,,Dumb,,Choleric,,Egoistic,Tolerant,,Funny,,Caring,,Resentful,,Faithless,,Withdrawn,,,,,,,,,,,,,,,,,,,,,,,,,,,,,,,,,,,,,,,,,,,,,,,,,,,,,,,,,,,,,,,,,,,,,,,,,
100,382,1,1.0,,5.0,,23.0,1.0,pilut,1.0,1.0,,2.0,,,,,,,,,,,,,,,,,,,,,,,,,,Likeable,Funny,Relaxed,,,,Dumb,,,Withdrawn,Egoistic,Tolerant,,,,Caring,Trustworthy,,Dumb,,,Withdrawn,Egoistic,,,,,,,,,,,,,,,,,,,,,,,,,,,,,,,,,,,,,,,,,,,,,,,,
100,169,1,2.0,,5.0,,24.0,1.0,pilut,1.0,1.0,,1.0,,Likeable,Funny,,,Trustworthy,,Dumb,Faithless,,Withdrawn,,,Likeable,Funny,,,Trustworthy,Resentful,,,Choleric,,Egoistic,,,,,,,,,,,,,,,,,,,,,,,,,,,,,,,,,,,,,,,,,,,,,,,,,,,,,,,,,,,,,,,,,,,,,,,,
100,272,1,1.0,,5.0,,45.0,1.0,pilut,1.0,1.0,,3.0,,,,,,,,,,,,,,,,,,,,,,,,,,,,,,,,,,,,,,,,,,,,,,,,,Tolerant,Likeable,,Relaxed,,,,,Faithless,Choleric,,Egoistic,Tolerant,Likeable,,Relaxed,,,Resentful,Dumb,,,Withdrawn,,,,,,,,,,,,,,,,,,,,,,,,,
100,267,1,1.0,,4.0,,27.0,1.0,Pilut,0.0,1.0,,4.0,,,,,,,,,,,,,,,,,,,,,,,,,,,,,,,,,,,,,,,,,,,,,,,,,,,,,,,,,,,,,,,,,,,,,,,,,,,,Relaxed,Caring,Trustworthy,,Dumb,Faithless,,Withdrawn,,Tolerant,Likeable,Funny,,,,,Dumb,Faithless,,Withdrawn,
100,379,1,1.0,,5.0,,35.0,1.0,pilut,1.0,1.0,,4.0,,,,,,,,,,,,,,,,,,,,,,,,,,,,,,,,,,,,,,,,,,,,,,,,,,,,,,,,,,,,,,,,,,,,,,,,,,Likeable,Funny,Relaxed,,,,,Faithless,,Withdrawn,Egoistic,Tolerant,,,,Caring,Trustworthy,,,Faithless,,Withdrawn,Egoistic
100,202,1,2.0,,9.0,,24.0,1.0,pilut,1.0,2.0,,2.0,,,,,,,,,,,,,,,,,,,,,,,,,,,,Relaxed,Caring,Trustworthy,,,Faithless,Choleric,,Egoistic,Tolerant,Likeable,Funny,,,,,,Faithless,Choleric,,Egoistic,,,,,,,,,,,,,,,,,,,,,,,,,,,,,,,,,,,,,,,,,,,,,,,,
100,156,1,2.0,,4.0,,28.0,1.0,pilut,1.0,2.0,,4.0,,,,,,,,,,,,,,,,,,,,,,,,,,,,,,,,,,,,,,,,,,,,,,,,,,,,,,,,,,,,,,,,,,,,,,,,,Tolerant,Likeable,Funny,,,,,Dumb,,Choleric,,Egoistic,,,,Relaxed,Caring,Trustworthy,,Dumb,,Choleric,,Egoistic
100,173,1,2.0,,4.0,,41.0,1.0,Pilut ,0.0,1.0,,4.0,,,,,,,,,,,,,,,,,,,,,,,,,,,,,,,,,,,,,,,,,,,,,,,,,,,,,,,,,,,,,,,,,,,,,,,,,Tolerant,,,Relaxed,,Trustworthy,Resentful,Dumb,,,,Egoistic,,Likeable,Funny,,Caring,,Resentful,Dumb,,,,Egoistic
100,456,1,1.0,,5.0,,28.0,1.0,Pilut,1.0,1.0,,3.0,,,,,,,,,,,,,,,,,,,,,,,,,,,,,,,,,,,,,,,,,,,,,,,,,Tolerant,,,Relaxed,,Trustworthy,,Dumb,,Choleric,Withdrawn,,Tolerant,,,Relaxed,,Trustworthy,Resentful,,Faithless,,,Egoistic,,,,,,,,,,,,,,,,,,,,,,,,
100,320,1,2.0,,4.0,,35.0,1.0,pilut,0.0,1.0,,4.0,,,,,,,,,,,,,,,,,,,,,,,,,,,,,,,,,,,,,,,,,,,,,,,,,,,,,,,,,,,,,,,,,,,,,,,,,,Likeable,Funny,,Caring,,Resentful,Dumb,,,Withdrawn,,Tolerant,,,Relaxed,,Trustworthy,Resentful,Dumb,,,Withdrawn,
100,381,1,2.0,,5.0,,23.0,1.0,pilut,1.0,1.0,,2.0,,,,,,,,,,,,,,,,,,,,,,,,,,Likeable,,Relaxed,,Trustworthy,Resentful,Dumb,,,,Egoistic,Tolerant,,Funny,,Caring,,Resentful,Dumb,,,,Egoistic,,,,,,,,,,,,,,,,,,,,,,,,,,,,,,,,,,,,,,,,,,,,,,,,
100,126,1,2.0,,5.0,,20.0,1.0,pilut,1.0,2.0,,3.0,,,,,,,,,,,,,,,,,,,,,,,,,,,,,,,,,,,,,,,,,,,,,,,,,,Likeable,Funny,,Caring,,,,Faithless,Choleric,Withdrawn,,,Likeable,Funny,,Caring,,Resentful,Dumb,,,,Egoistic,,,,,,,,,,,,,,,,,,,,,,,,
100,182,1,2.0,,4.0,,21.0,1.0,pilut,1.0,4.0,,4.0,,,,,,,,,,,,,,,,,,,,,,,,,,,,,,,,,,,,,,,,,,,,,,,,,,,,,,,,,,,,,,,,,,,,,,,,,,,Funny,Relaxed,Caring,,Resentful,,,Choleric,,Egoistic,Tolerant,Likeable,,,,Trustworthy,Resentful,,,Choleric,,Egoistic
100,239,1,2.0,,5.0,,24.0,1.0,pilut,1.0,1.0,,1.0,Tolerant,,,,Caring,Trustworthy,Resentful,Dumb,Faithless,,,,Tolerant,,,,Caring,Trustworthy,,,,Choleric,Withdrawn,Egoistic,,,,,,,,,,,,,,,,,,,,,,,,,,,,,,,,,,,,,,,,,,,,,,,,,,,,,,,,,,,,,,,,,,,,,,,,
100,199,1,2.0,,5.0,,25.0,1.0,pilut,1.0,2.0,,2.0,,,,,,,,,,,,,,,,,,,,,,,,,Tolerant,,Funny,Relaxed,,,,Dumb,Faithless,,Withdrawn,,,Likeable,,,Caring,Trustworthy,,Dumb,Faithless,,Withdrawn,,,,,,,,,,,,,,,,,,,,,,,,,,,,,,,,,,,,,,,,,,,,,,,,,
100,261,1,1.0,,4.0,,34.0,1.0,Pilut,0.0,1.0,,2.0,,,,,,,,,,,,,,,,,,,,,,,,,,Likeable,,,Caring,Trustworthy,Resentful,Dumb,Faithless,,,,Tolerant,,Funny,Relaxed,,,Resentful,Dumb,Faithless,,,,,,,,,,,,,,,,,,,,,,,,,,,,,,,,,,,,,,,,,,,,,,,,,,,
100,314,1,1.0,,5.0,,51.0,1.0,pilut,0.0,1.0,,1.0,,,Funny,Relaxed,,Trustworthy,Resentful,,,Choleric,,Egoistic,,,Funny,Relaxed,,Trustworthy,,Dumb,Faithless,,Withdrawn,,,,,,,,,,,,,,,,,,,,,,,,,,,,,,,,,,,,,,,,,,,,,,,,,,,,,,,,,,,,,,,,,,,,,,,,,
100,148,1,2.0,,4.0,,20.0,1.0,pilut,0.0,1.0,,1.0,,,Funny,Relaxed,Caring,,,Dumb,,Choleric,,Egoistic,,,Funny,Relaxed,Caring,,Resentful,,Faithless,,Withdrawn,,,,,,,,,,,,,,,,,,,,,,,,,,,,,,,,,,,,,,,,,,,,,,,,,,,,,,,,,,,,,,,,,,,,,,,,,
100,321,1,2.0,,5.0,,41.0,1.0,pilut,1.0,2.0,,3.0,,,,,,,,,,,,,,,,,,,,,,,,,,,,,,,,,,,,,,,,,,,,,,,,,,,Funny,Relaxed,,Trustworthy,Resentful,Dumb,,,Withdrawn,,,,Funny,Relaxed,,Trustworthy,,,Faithless,Choleric,,Egoistic,,,,,,,,,,,,,,,,,,,,,,,,
100,157,1,1.0,,5.0,,21.0,1.0,pilut,0.0,2.0,,3.0,,,,,,,,,,,,,,,,,,,,,,,,,,,,,,,,,,,,,,,,,,,,,,,,,,,Funny,Relaxed,,Trustworthy,Resentful,,,Choleric,Withdrawn,,,,Funny,Relaxed,,Trustworthy,,Dumb,Faithless,,,Egoistic,,,,,,,,,,,,,,,,,,,,,,,,
100,181,1,2.0,,4.0,,28.0,1.0,pilut,1.0,1.0,,4.0,,,,,,,,,,,,,,,,,,,,,,,,,,,,,,,,,,,,,,,,,,,,,,,,,,,,,,,,,,,,,,,,,,,,,,,,,,Likeable,Funny,,Caring,,Resentful,,Faithless,Choleric,,,Tolerant,,,Relaxed,,Trustworthy,Resentful,,Faithless,Choleric,,
100,334,1,1.0,,4.0,,64.0,1.0,Pilut,0.0,1.0,,2.0,,,,,,,,,,,,,,,,,,,,,,,,,Tolerant,Likeable,,,,Trustworthy,,,,Choleric,Withdrawn,Egoistic,,,Funny,Relaxed,Caring,,,,,Choleric,Withdrawn,Egoistic,,,,,,,,,,,,,,,,,,,,,,,,,,,,,,,,,,,,,,,,,,,,,,,,
100,293,1,1.0,,4.0,,36.0,1.0,pilut,1.0,3.0,,3.0,,,,,,,,,,,,,,,,,,,,,,,,,,,,,,,,,,,,,,,,,,,,,,,,,,Likeable,,,Caring,Trustworthy,,,Faithless,,Withdrawn,Egoistic,,Likeable,,,Caring,Trustworthy,Resentful,Dumb,,Choleric,,,,,,,,,,,,,,,,,,,,,,,,,,
100,215,1,2.0,,5.0,,19.0,1.0,pilut,0.0,2.0,,2.0,,,,,,,,,,,,,,,,,,,,,,,,,,,Funny,,Caring,Trustworthy,Resentful,,Faithless,,,Egoistic,Tolerant,Likeable,,Relaxed,,,Resentful,,Faithless,,,Egoistic,,,,,,,,,,,,,,,,,,,,,,,,,,,,,,,,,,,,,,,,,,,,,,,,
100,177,1,2.0,,5.0,,36.0,1.0,pilut,1.0,4.0,,1.0,Tolerant,,,Relaxed,Caring,,Resentful,,,Choleric,,Egoistic,Tolerant,,,Relaxed,Caring,,,Dumb,Faithless,,Withdrawn,,,,,,,,,,,,,,,,,,,,,,,,,,,,,,,,,,,,,,,,,,,,,,,,,,,,,,,,,,,,,,,,,,,,,,,,,
100,263,1,2.0,,5.0,,24.0,1.0,pilut,0.0,1.0,,1.0,Tolerant,,,Relaxed,Caring,,Resentful,,,Choleric,Withdrawn,,Tolerant,,,Relaxed,Caring,,,Dumb,Faithless,,,Egoistic,,,,,,,,,,,,,,,,,,,,,,,,,,,,,,,,,,,,,,,,,,,,,,,,,,,,,,,,,,,,,,,,,,,,,,,,
100,202,1,2.0,,5.0,,25.0,1.0,pilut,1.0,2.0,,3.0,,,,,,,,,,,,,,,,,,,,,,,,,,,,,,,,,,,,,,,,,,,,,,,,,,Likeable,,Relaxed,,Trustworthy,,Dumb,Faithless,Choleric,,,,Likeable,,Relaxed,,Trustworthy,Resentful,,,,Withdrawn,Egoistic,,,,,,,,,,,,,,,,,,,,,,,,
100,328,1,1.0,,5.0,,18.0,1.0,pilut,1.0,4.0,,1.0,,,Funny,Relaxed,Caring,,,Dumb,Faithless,,,Egoistic,,,Funny,Relaxed,Caring,,Resentful,,,Choleric,Withdrawn,,,,,,,,,,,,,,,,,,,,,,,,,,,,,,,,,,,,,,,,,,,,,,,,,,,,,,,,,,,,,,,,,,,,,,,,,
100,391,1,1.0,,7.0,,26.0,1.0,pilut,1.0,1.0,,2.0,,,,,,,,,,,,,,,,,,,,,,,,,Tolerant,,Funny,,Caring,,Resentful,,,Choleric,Withdrawn,,,Likeable,,Relaxed,,Trustworthy,Resentful,,,Choleric,Withdrawn,,,,,,,,,,,,,,,,,,,,,,,,,,,,,,,,,,,,,,,,,,,,,,,,,
100,204,1,2.0,,4.0,,50.0,1.0,Pilut,1.0,1.0,,2.0,,,,,,,,,,,,,,,,,,,,,,,,,,,Funny,Relaxed,,Trustworthy,,Dumb,Faithless,,Withdrawn,,Tolerant,Likeable,,,Caring,,,Dumb,Faithless,,Withdrawn,,,,,,,,,,,,,,,,,,,,,,,,,,,,,,,,,,,,,,,,,,,,,,,,,
100,241,1,1.0,,5.0,,22.0,1.0,Pilut,1.0,2.0,,4.0,,,,,,,,,,,,,,,,,,,,,,,,,,,,,,,,,,,,,,,,,,,,,,,,,,,,,,,,,,,,,,,,,,,,,,,,,,Likeable,,Relaxed,,Trustworthy,,Dumb,Faithless,,Withdrawn,,Tolerant,,Funny,,Caring,,,Dumb,Faithless,,Withdrawn,
100,158,1,1.0,,4.0,,21.0,1.0,Pilut,0.0,1.0,,2.0,,,,,,,,,,,,,,,,,,,,,,,,,Tolerant,Likeable,,,Caring,,,,,Choleric,Withdrawn,Egoistic,,,Funny,Relaxed,,Trustworthy,,,,Choleric,Withdrawn,Egoistic,,,,,,,,,,,,,,,,,,,,,,,,,,,,,,,,,,,,,,,,,,,,,,,,
100,296,1,2.0,,5.0,,23.0,1.0,pilut,0.0,1.0,,4.0,,,,,,,,,,,,,,,,,,,,,,,,,,,,,,,,,,,,,,,,,,,,,,,,,,,,,,,,,,,,,,,,,,,,,,,,,Tolerant,,,Relaxed,Caring,,,,Faithless,Choleric,,Egoistic,,Likeable,Funny,,,Trustworthy,,,Faithless,Choleric,,Egoistic
100,196,1,2.0,,4.0,,32.0,1.0,pilut,0.0,1.0,,1.0,,Likeable,,Relaxed,Caring,,,,Faithless,Choleric,Withdrawn,,,Likeable,,Relaxed,Caring,,Resentful,Dumb,,,,Egoistic,,,,,,,,,,,,,,,,,,,,,,,,,,,,,,,,,,,,,,,,,,,,,,,,,,,,,,,,,,,,,,,,,,,,,,,,
100,372,1,1.0,,4.0,,20.0,1.0,pilut,0.0,1.0,,1.0,,Likeable,Funny,,,Trustworthy,Resentful,,,,Withdrawn,Egoistic,,Likeable,Funny,,,Trustworthy,,Dumb,Faithless,Choleric,,,,,,,,,,,,,,,,,,,,,,,,,,,,,,,,,,,,,,,,,,,,,,,,,,,,,,,,,,,,,,,,,,,,,,,,,,
100,358,1,2.0,,5.0,,24.0,1.0,pilut,1.0,1.0,,3.0,,,,,,,,,,,,,,,,,,,,,,,,,,,,,,,,,,,,,,,,,,,,,,,,,,Likeable,Funny,,,Trustworthy,,Dumb,Faithless,,Withdrawn,,,Likeable,Funny,,,Trustworthy,Resentful,,,Choleric,,Egoistic,,,,,,,,,,,,,,,,,,,,,,,,
100,406,1,2.0,,4.0,,29.0,1.0,pilut,1.0,2.0,,1.0,Tolerant,Likeable,,,,Trustworthy,,Dumb,Faithless,,Withdrawn,,Tolerant,Likeable,,,,Trustworthy,Resentful,,,Choleric,,Egoistic,,,,,,,,,,,,,,,,,,,,,,,,,,,,,,,,,,,,,,,,,,,,,,,,,,,,,,,,,,,,,,,,,,,,,,,,
100,254,1,1.0,,5.0,,24.0,1.0,Pilut,0.0,1.0,,4.0,,,,,,,,,,,,,,,,,,,,,,,,,,,,,,,,,,,,,,,,,,,,,,,,,,,,,,,,,,,,,,,,,,,,,,,,,Tolerant,,Funny,,,Trustworthy,Resentful,Dumb,,,,Egoistic,,Likeable,,Relaxed,Caring,,Resentful,Dumb,,,,Egoistic
100,309,1,1.0,,5.0,,18.0,1.0,pilut,1.0,1.0,,4.0,,,,,,,,,,,,,,,,,,,,,,,,,,,,,,,,,,,,,,,,,,,,,,,,,,,,,,,,,,,,,,,,,,,,,,,,,Tolerant,Likeable,,,,Trustworthy,,,Faithless,Choleric,Withdrawn,,,,Funny,Relaxed,Caring,,,,Faithless,Choleric,Withdrawn,
100,239,1,1.0,,5.0,,27.0,1.0,pilut,0.0,4.0,,1.0,Tolerant,Likeable,,,,Trustworthy,Resentful,Dumb,,Choleric,,,Tolerant,Likeable,,,,Trustworthy,,,Faithless,,Withdrawn,Egoistic,,,,,,,,,,,,,,,,,,,,,,,,,,,,,,,,,,,,,,,,,,,,,,,,,,,,,,,,,,,,,,,,,,,,,,,,
100,246,1,2.0,,5.0,,31.0,1.0,pilut,0.0,1.0,,4.0,,,,,,,,,,,,,,,,,,,,,,,,,,,,,,,,,,,,,,,,,,,,,,,,,,,,,,,,,,,,,,,,,,,,,,,,,,Likeable,Funny,Relaxed,,,Resentful,,,,Withdrawn,Egoistic,Tolerant,,,,Caring,Trustworthy,Resentful,,,,Withdrawn,Egoistic
100,227,1,2.0,,5.0,,28.0,1.0,pilut,0.0,2.0,,3.0,,,,,,,,,,,,,,,,,,,,,,,,,,,,,,,,,,,,,,,,,,,,,,,,,Tolerant,,Funny,,,Trustworthy,Resentful,,,Choleric,,Egoistic,Tolerant,,Funny,,,Trustworthy,,Dumb,Faithless,,Withdrawn,,,,,,,,,,,,,,,,,,,,,,,,,
100,190,1,2.0,,5.0,,38.0,1.0,pilut,1.0,2.0,,2.0,,,,,,,,,,,,,,,,,,,,,,,,,,Likeable,Funny,,Caring,,Resentful,,,,Withdrawn,Egoistic,Tolerant,,,Relaxed,,Trustworthy,Resentful,,,,Withdrawn,Egoistic,,,,,,,,,,,,,,,,,,,,,,,,,,,,,,,,,,,,,,,,,,,,,,,,
100,194,1,2.0,,5.0,,28.0,1.0,pilut,1.0,2.0,,4.0,,,,,,,,,,,,,,,,,,,,,,,,,,,,,,,,,,,,,,,,,,,,,,,,,,,,,,,,,,,,,,,,,,,,,,,,,Tolerant,Likeable,,,Caring,,Resentful,,,Choleric,,Egoistic,,,Funny,Relaxed,,Trustworthy,Resentful,,,Choleric,,Egoistic
100,378,1,2.0,,5.0,,18.0,1.0,pilut,1.0,2.0,,2.0,,,,,,,,,,,,,,,,,,,,,,,,,Tolerant,Likeable,,,Caring,,,Dumb,Faithless,,,Egoistic,,,Funny,Relaxed,,Trustworthy,,Dumb,Faithless,,,Egoistic,,,,,,,,,,,,,,,,,,,,,,,,,,,,,,,,,,,,,,,,,,,,,,,,
100,192,1,2.0,,5.0,,41.0,1.0,pilut,0.0,1.0,,3.0,,,,,,,,,,,,,,,,,,,,,,,,,,,,,,,,,,,,,,,,,,,,,,,,,Tolerant,,Funny,,Caring,,,,Faithless,Choleric,,Egoistic,Tolerant,,Funny,,Caring,,Resentful,Dumb,,,Withdrawn,,,,,,,,,,,,,,,,,,,,,,,,,
100,354,1,2.0,,4.0,,21.0,1.0,pilut,0.0,2.0,,1.0,Tolerant,Likeable,,,,Trustworthy,,Dumb,Faithless,,Withdrawn,,Tolerant,Likeable,,,,Trustworthy,Resentful,,,Choleric,,Egoistic,,,,,,,,,,,,,,,,,,,,,,,,,,,,,,,,,,,,,,,,,,,,,,,,,,,,,,,,,,,,,,,,,,,,,,,,
100,152,1,2.0,,5.0,,22.0,1.0,pilut,0.0,2.0,,1.0,Tolerant,Likeable,,,,Trustworthy,Resentful,,,,Withdrawn,Egoistic,Tolerant,Likeable,,,,Trustworthy,,Dumb,Faithless,Choleric,,,,,,,,,,,,,,,,,,,,,,,,,,,,,,,,,,,,,,,,,,,,,,,,,,,,,,,,,,,,,,,,,,,,,,,,,,
100,255,1,1.0,,4.0,,44.0,1.0,pilut,0.0,1.0,,1.0,Tolerant,,,Relaxed,Caring,,,Dumb,,Choleric,Withdrawn,,Tolerant,,,Relaxed,Caring,,Resentful,,Faithless,,,Egoistic,,,,,,,,,,,,,,,,,,,,,,,,,,,,,,,,,,,,,,,,,,,,,,,,,,,,,,,,,,,,,,,,,,,,,,,,
100,161,1,2.0,,5.0,,27.0,1.0,pilut,0.0,1.0,,4.0,,,,,,,,,,,,,,,,,,,,,,,,,,,,,,,,,,,,,,,,,,,,,,,,,,,,,,,,,,,,,,,,,,,,,,,,,,Likeable,,Relaxed,,Trustworthy,Resentful,Dumb,,Choleric,,,Tolerant,,Funny,,Caring,,Resentful,Dumb,,Choleric,,
100,217,1,2.0,,5.0,,20.0,1.0,pilut,0.0,1.0,,1.0,,Likeable,Funny,Relaxed,,,,,Faithless,,Withdrawn,Egoistic,,Likeable,Funny,Relaxed,,,Resentful,Dumb,,Choleric,,,,,,,,,,,,,,,,,,,,,,,,,,,,,,,,,,,,,,,,,,,,,,,,,,,,,,,,,,,,,,,,,,,,,,,,,,
100,124,1,2.0,,5.0,,18.0,1.0,pilut,0.0,2.0,,4.0,,,,,,,,,,,,,,,,,,,,,,,,,,,,,,,,,,,,,,,,,,,,,,,,,,,,,,,,,,,,,,,,,,,,,,,,,,Likeable,Funny,Relaxed,,,Resentful,Dumb,,,Withdrawn,,Tolerant,,,,Caring,Trustworthy,Resentful,Dumb,,,Withdrawn,
100,484,1,2.0,,5.0,,29.0,1.0,pilut,0.0,1.0,,4.0,,,,,,,,,,,,,,,,,,,,,,,,,,,,,,,,,,,,,,,,,,,,,,,,,,,,,,,,,,,,,,,,,,,,,,,,,Tolerant,,,,Caring,Trustworthy,,,Faithless,Choleric,,Egoistic,,Likeable,Funny,Relaxed,,,,,Faithless,Choleric,,Egoistic
100,227,1,2.0,,5.0,,37.0,1.0,pilut,1.0,1.0,,2.0,,,,,,,,,,,,,,,,,,,,,,,,,Tolerant,,,Relaxed,,Trustworthy,,,Faithless,Choleric,,Egoistic,,Likeable,Funny,,Caring,,,,Faithless,Choleric,,Egoistic,,,,,,,,,,,,,,,,,,,,,,,,,,,,,,,,,,,,,,,,,,,,,,,,
100,370,1,2.0,,5.0,,36.0,1.0,pilut,0.0,2.0,,3.0,,,,,,,,,,,,,,,,,,,,,,,,,,,,,,,,,,,,,,,,,,,,,,,,,Tolerant,,Funny,,Caring,,,Dumb,Faithless,,,Egoistic,Tolerant,,Funny,,Caring,,Resentful,,,Choleric,Withdrawn,,,,,,,,,,,,,,,,,,,,,,,,,
100,193,1,1.0,,4.0,,32.0,1.0,Pilut,0.0,3.0,,4.0,,,,,,,,,,,,,,,,,,,,,,,,,,,,,,,,,,,,,,,,,,,,,,,,,,,,,,,,,,,,,,,,,,,,,,,,,Tolerant,,,,Caring,Trustworthy,,Dumb,Faithless,,Withdrawn,,,Likeable,Funny,Relaxed,,,,Dumb,Faithless,,Withdrawn,
100,193,1,2.0,,5.0,,27.0,1.0,pilut,0.0,2.0,,3.0,,,,,,,,,,,,,,,,,,,,,,,,,,,,,,,,,,,,,,,,,,,,,,,,,Tolerant,Likeable,,,,Trustworthy,,,Faithless,,Withdrawn,Egoistic,Tolerant,Likeable,,,,Trustworthy,Resentful,Dumb,,Choleric,,,,,,,,,,,,,,,,,,,,,,,,,,
100,245,1,1.0,,8.0,,37.0,1.0,pilut,0.0,1.0,,4.0,,,,,,,,,,,,,,,,,,,,,,,,,,,,,,,,,,,,,,,,,,,,,,,,,,,,,,,,,,,,,,,,,,,,,,,,,Tolerant,,Funny,Relaxed,,,,Dumb,Faithless,,,Egoistic,,Likeable,,,Caring,Trustworthy,,Dumb,Faithless,,,Egoistic
100,491,1,2.0,,4.0,,34.0,1.0,Pilut,1.0,1.0,,2.0,,,,,,,,,,,,,,,,,,,,,,,,,Tolerant,Likeable,,,,Trustworthy,,,Faithless,Choleric,Withdrawn,,,,Funny,Relaxed,Caring,,,,Faithless,Choleric,Withdrawn,,,,,,,,,,,,,,,,,,,,,,,,,,,,,,,,,,,,,,,,,,,,,,,,,
100,329,1,1.0,,4.0,,25.0,1.0,pilut,1.0,2.0,,2.0,,,,,,,,,,,,,,,,,,,,,,,,,Tolerant,,Funny,,Caring,,Resentful,Dumb,,,Withdrawn,,,Likeable,,Relaxed,,Trustworthy,Resentful,Dumb,,,Withdrawn,,,,,,,,,,,,,,,,,,,,,,,,,,,,,,,,,,,,,,,,,,,,,,,,,
100,88,1,2.0,,5.0,,20.0,1.0,Pilut,1.0,1.0,,4.0,,,,,,,,,,,,,,,,,,,,,,,,,,,,,,,,,,,,,,,,,,,,,,,,,,,,,,,,,,,,,,,,,,,,,,,,,Tolerant,,Funny,,Caring,,,Dumb,,,Withdrawn,Egoistic,,Likeable,,Relaxed,,Trustworthy,,Dumb,,,Withdrawn,Egoistic
100,184,1,2.0,,5.0,,24.0,1.0,pilut,1.0,1.0,,3.0,,,,,,,,,,,,,,,,,,,,,,,,,,,,,,,,,,,,,,,,,,,,,,,,,Tolerant,Likeable,,,Caring,,Resentful,,Faithless,Choleric,,,Tolerant,Likeable,,,Caring,,,Dumb,,,Withdrawn,Egoistic,,,,,,,,,,,,,,,,,,,,,,,,
100,206,1,2.0,,5.0,,22.0,1.0,pilut,0.0,2.0,,1.0,Tolerant,,Funny,,Caring,,,Dumb,Faithless,,,Egoistic,Tolerant,,Funny,,Caring,,Resentful,,,Choleric,Withdrawn,,,,,,,,,,,,,,,,,,,,,,,,,,,,,,,,,,,,,,,,,,,,,,,,,,,,,,,,,,,,,,,,,,,,,,,,,
100,208,1,1.0,,5.0,,30.0,1.0,pilut,0.0,1.0,,1.0,Tolerant,,Funny,,,Trustworthy,,Dumb,Faithless,,,Egoistic,Tolerant,,Funny,,,Trustworthy,Resentful,,,Choleric,Withdrawn,,,,,,,,,,,,,,,,,,,,,,,,,,,,,,,,,,,,,,,,,,,,,,,,,,,,,,,,,,,,,,,,,,,,,,,,,
100,167,1,2.0,,4.0,,22.0,1.0,pilut,0.0,2.0,,3.0,,,,,,,,,,,,,,,,,,,,,,,,,,,,,,,,,,,,,,,,,,,,,,,,,Tolerant,,,Relaxed,,Trustworthy,,Dumb,,Choleric,,Egoistic,Tolerant,,,Relaxed,,Trustworthy,Resentful,,Faithless,,Withdrawn,,,,,,,,,,,,,,,,,,,,,,,,,
100,223,1,2.0,,4.0,,39.0,1.0,Pilut,1.0,1.0,,3.0,,,,,,,,,,,,,,,,,,,,,,,,,,,,,,,,,,,,,,,,,,,,,,,,,Tolerant,Likeable,,,Caring,,,Dumb,,Choleric,Withdrawn,,Tolerant,Likeable,,,Caring,,Resentful,,Faithless,,,Egoistic,,,,,,,,,,,,,,,,,,,,,,,,
100,246,1,1.0,,4.0,,30.0,1.0,Pilut,0.0,2.0,,4.0,,,,,,,,,,,,,,,,,,,,,,,,,,,,,,,,,,,,,,,,,,,,,,,,,,,,,,,,,,,,,,,,,,,,,,,,,Tolerant,,,,Caring,Trustworthy,,,Faithless,Choleric,Withdrawn,,,Likeable,Funny,Relaxed,,,,,Faithless,Choleric,Withdrawn,
100,262,1,2.0,,4.0,,20.0,1.0,pilut,0.0,2.0,,2.0,,,,,,,,,,,,,,,,,,,,,,,,,Tolerant,Likeable,,,Caring,,,Dumb,Faithless,,Withdrawn,,,,Funny,Relaxed,,Trustworthy,,Dumb,Faithless,,Withdrawn,,,,,,,,,,,,,,,,,,,,,,,,,,,,,,,,,,,,,,,,,,,,,,,,,
100,303,1,2.0,,5.0,,27.0,1.0,pilut,1.0,1.0,,4.0,,,,,,,,,,,,,,,,,,,,,,,,,,,,,,,,,,,,,,,,,,,,,,,,,,,,,,,,,,,,,,,,,,,,,,,,,,Likeable,Funny,,Caring,,,Dumb,Faithless,,Withdrawn,,Tolerant,,,Relaxed,,Trustworthy,,Dumb,Faithless,,Withdrawn,
100,147,1,2.0,,5.0,,22.0,1.0,pilut,1.0,1.0,,2.0,,,,,,,,,,,,,,,,,,,,,,,,,Tolerant,Likeable,,,,Trustworthy,,Dumb,Faithless,Choleric,,,,,Funny,Relaxed,Caring,,,Dumb,Faithless,Choleric,,,,,,,,,,,,,,,,,,,,,,,,,,,,,,,,,,,,,,,,,,,,,,,,,,
100,235,1,2.0,,5.0,,27.0,1.0,pilut,1.0,1.0,,3.0,,,,,,,,,,,,,,,,,,,,,,,,,,,,,,,,,,,,,,,,,,,,,,,,,Tolerant,Likeable,,Relaxed,,,Resentful,,,Choleric,Withdrawn,,Tolerant,Likeable,,Relaxed,,,,Dumb,Faithless,,,Egoistic,,,,,,,,,,,,,,,,,,,,,,,,
100,173,1,1.0,,7.0,,18.0,1.0,Pilut,1.0,4.0,,3.0,,,,,,,,,,,,,,,,,,,,,,,,,,,,,,,,,,,,,,,,,,,,,,,,,,Likeable,,Relaxed,Caring,,,Dumb,Faithless,Choleric,,,,Likeable,,Relaxed,Caring,,Resentful,,,,Withdrawn,Egoistic,,,,,,,,,,,,,,,,,,,,,,,,
100,322,1,2.0,,6.0,,27.0,1.0,pilut,1.0,1.0,,2.0,,,,,,,,,,,,,,,,,,,,,,,,,,,,Relaxed,Caring,Trustworthy,Resentful,Dumb,,,Withdrawn,,Tolerant,Likeable,Funny,,,,Resentful,Dumb,,,Withdrawn,,,,,,,,,,,,,,,,,,,,,,,,,,,,,,,,,,,,,,,,,,,,,,,,,
100,167,1,1.0,,4.0,,29.0,1.0,pilut,0.0,1.0,,1.0,,,,Relaxed,Caring,Trustworthy,Resentful,,Faithless,,Withdrawn,,,,,Relaxed,Caring,Trustworthy,,Dumb,,Choleric,,Egoistic,,,,,,,,,,,,,,,,,,,,,,,,,,,,,,,,,,,,,,,,,,,,,,,,,,,,,,,,,,,,,,,,,,,,,,,,
100,400,1,2.0,,5.0,,19.0,1.0,pilut,1.0,2.0,,2.0,,,,,,,,,,,,,,,,,,,,,,,,,,Likeable,Funny,Relaxed,,,Resentful,,,Choleric,,Egoistic,Tolerant,,,,Caring,Trustworthy,Resentful,,,Choleric,,Egoistic,,,,,,,,,,,,,,,,,,,,,,,,,,,,,,,,,,,,,,,,,,,,,,,,
100,171,1,1.0,,5.0,,20.0,1.0,pilut,1.0,1.0,,4.0,,,,,,,,,,,,,,,,,,,,,,,,,,,,,,,,,,,,,,,,,,,,,,,,,,,,,,,,,,,,,,,,,,,,,,,,,Tolerant,Likeable,,,Caring,,,Dumb,,Choleric,Withdrawn,,,,Funny,Relaxed,,Trustworthy,,Dumb,,Choleric,Withdrawn,
100,247,1,1.0,,4.0,,73.0,1.0,pilut,0.0,1.0,,2.0,,,,,,,,,,,,,,,,,,,,,,,,,,Likeable,Funny,,Caring,,Resentful,,Faithless,,,Egoistic,Tolerant,,,Relaxed,,Trustworthy,Resentful,,Faithless,,,Egoistic,,,,,,,,,,,,,,,,,,,,,,,,,,,,,,,,,,,,,,,,,,,,,,,,
100,243,1,2.0,,5.0,,29.0,1.0,pilut,0.0,1.0,,3.0,,,,,,,,,,,,,,,,,,,,,,,,,,,,,,,,,,,,,,,,,,,,,,,,,Tolerant,,Funny,,,Trustworthy,Resentful,Dumb,,,,Egoistic,Tolerant,,Funny,,,Trustworthy,,,Faithless,Choleric,Withdrawn,,,,,,,,,,,,,,,,,,,,,,,,,
100,200,1,1.0,,8.0,,19.0,1.0,pilut,0.0,1.0,,1.0,,,Funny,Relaxed,Caring,,,Dumb,,Choleric,,Egoistic,,,Funny,Relaxed,Caring,,Resentful,,Faithless,,Withdrawn,,,,,,,,,,,,,,,,,,,,,,,,,,,,,,,,,,,,,,,,,,,,,,,,,,,,,,,,,,,,,,,,,,,,,,,,,
100,289,1,1.0,,5.0,,21.0,1.0,pilut,0.0,1.0,,3.0,,,,,,,,,,,,,,,,,,,,,,,,,,,,,,,,,,,,,,,,,,,,,,,,,,Likeable,,Relaxed,,Trustworthy,Resentful,,,Choleric,,Egoistic,,Likeable,,Relaxed,,Trustworthy,,Dumb,Faithless,,Withdrawn,,,,,,,,,,,,,,,,,,,,,,,,,
100,348,1,1.0,,4.0,,30.0,1.0,pilut,1.0,1.0,,3.0,,,,,,,,,,,,,,,,,,,,,,,,,,,,,,,,,,,,,,,,,,,,,,,,,,,Funny,Relaxed,Caring,,,,Faithless,,Withdrawn,Egoistic,,,Funny,Relaxed,Caring,,Resentful,Dumb,,Choleric,,,,,,,,,,,,,,,,,,,,,,,,,,
100,388,1,1.0,,4.0,,37.0,1.0,pilut,0.0,1.0,,2.0,,,,,,,,,,,,,,,,,,,,,,,,,,,Funny,Relaxed,Caring,,Resentful,Dumb,,,Withdrawn,,Tolerant,Likeable,,,,Trustworthy,Resentful,Dumb,,,Withdrawn,,,,,,,,,,,,,,,,,,,,,,,,,,,,,,,,,,,,,,,,,,,,,,,,,
100,115,1,1.0,,7.0,,40.0,1.0,pilut,1.0,1.0,,4.0,,,,,,,,,,,,,,,,,,,,,,,,,,,,,,,,,,,,,,,,,,,,,,,,,,,,,,,,,,,,,,,,,,,,,,,,,,Likeable,Funny,,Caring,,Resentful,,,,Withdrawn,Egoistic,Tolerant,,,Relaxed,,Trustworthy,Resentful,,,,Withdrawn,Egoistic
100,170,1,2.0,,4.0,,41.0,1.0,pilut,1.0,4.0,,2.0,,,,,,,,,,,,,,,,,,,,,,,,,Tolerant,,Funny,,Caring,,Resentful,,,,Withdrawn,Egoistic,,Likeable,,Relaxed,,Trustworthy,Resentful,,,,Withdrawn,Egoistic,,,,,,,,,,,,,,,,,,,,,,,,,,,,,,,,,,,,,,,,,,,,,,,,
100,213,1,1.0,,4.0,,44.0,1.0,Pilut ,1.0,1.0,,4.0,,,,,,,,,,,,,,,,,,,,,,,,,,,,,,,,,,,,,,,,,,,,,,,,,,,,,,,,,,,,,,,,,,,,,,,,,,,,Relaxed,Caring,Trustworthy,Resentful,,Faithless,Choleric,,,Tolerant,Likeable,Funny,,,,Resentful,,Faithless,Choleric,,
100,173,1,1.0,,5.0,,32.0,1.0,Pilut,0.0,1.0,,1.0,,Likeable,Funny,Relaxed,,,,Dumb,Faithless,,,Egoistic,,Likeable,Funny,Relaxed,,,Resentful,,,Choleric,Withdrawn,,,,,,,,,,,,,,,,,,,,,,,,,,,,,,,,,,,,,,,,,,,,,,,,,,,,,,,,,,,,,,,,,,,,,,,,,
100,134,1,2.0,,5.0,,18.0,1.0,pilut,1.0,2.0,,4.0,,,,,,,,,,,,,,,,,,,,,,,,,,,,,,,,,,,,,,,,,,,,,,,,,,,,,,,,,,,,,,,,,,,,,,,,,,,Funny,Relaxed,,Trustworthy,Resentful,,,Choleric,,Egoistic,Tolerant,Likeable,,,Caring,,Resentful,,,Choleric,,Egoistic
100,163,1,1.0,,7.0,,25.0,1.0,Pilut,0.0,2.0,,1.0,Tolerant,,Funny,Relaxed,,,Resentful,,Faithless,,Withdrawn,,Tolerant,,Funny,Relaxed,,,,Dumb,,Choleric,,Egoistic,,,,,,,,,,,,,,,,,,,,,,,,,,,,,,,,,,,,,,,,,,,,,,,,,,,,,,,,,,,,,,,,,,,,,,,,
100,134,1,2.0,,4.0,,20.0,1.0,pilut,1.0,1.0,,3.0,,,,,,,,,,,,,,,,,,,,,,,,,,,,,,,,,,,,,,,,,,,,,,,,,Tolerant,Likeable,,Relaxed,,,Resentful,,Faithless,,,Egoistic,Tolerant,Likeable,,Relaxed,,,,Dumb,,Choleric,Withdrawn,,,,,,,,,,,,,,,,,,,,,,,,,
100,315,1,2.0,,5.0,,23.0,1.0,pilut,0.0,1.0,,4.0,,,,,,,,,,,,,,,,,,,,,,,,,,,,,,,,,,,,,,,,,,,,,,,,,,,,,,,,,,,,,,,,,,,,,,,,,,Likeable,,,Caring,Trustworthy,Resentful,Dumb,Faithless,,,,Tolerant,,Funny,Relaxed,,,Resentful,Dumb,Faithless,,,
100,167,1,1.0,,5.0,,19.0,1.0,pilut,0.0,1.0,,4.0,,,,,,,,,,,,,,,,,,,,,,,,,,,,,,,,,,,,,,,,,,,,,,,,,,,,,,,,,,,,,,,,,,,,,,,,,Tolerant,,Funny,,,Trustworthy,Resentful,,,Choleric,,Egoistic,,Likeable,,Relaxed,Caring,,Resentful,,,Choleric,,Egoistic
100,188,1,2.0,,5.0,,34.0,1.0,pilut,0.0,1.0,,1.0,Tolerant,,,,Caring,Trustworthy,Resentful,,Faithless,,Withdrawn,,Tolerant,,,,Caring,Trustworthy,,Dumb,,Choleric,,Egoistic,,,,,,,,,,,,,,,,,,,,,,,,,,,,,,,,,,,,,,,,,,,,,,,,,,,,,,,,,,,,,,,,,,,,,,,,
100,198,1,2.0,,5.0,,27.0,1.0,pilut,1.0,2.0,,3.0,,,,,,,,,,,,,,,,,,,,,,,,,,,,,,,,,,,,,,,,,,,,,,,,,Tolerant,Likeable,Funny,,,,Resentful,,,Choleric,Withdrawn,,Tolerant,Likeable,Funny,,,,,Dumb,Faithless,,,Egoistic,,,,,,,,,,,,,,,,,,,,,,,,
100,267,1,2.0,,5.0,,26.0,1.0,pilut,1.0,2.0,,4.0,,,,,,,,,,,,,,,,,,,,,,,,,,,,,,,,,,,,,,,,,,,,,,,,,,,,,,,,,,,,,,,,,,,,,,,,,Tolerant,Likeable,,,,Trustworthy,,Dumb,Faithless,,Withdrawn,,,,Funny,Relaxed,Caring,,,Dumb,Faithless,,Withdrawn,
100,261,1,2.0,,9.0,,19.0,1.0,pilut,0.0,2.0,,4.0,,,,,,,,,,,,,,,,,,,,,,,,,,,,,,,,,,,,,,,,,,,,,,,,,,,,,,,,,,,,,,,,,,,,,,,,,,,Funny,Relaxed,Caring,,Resentful,,,Choleric,,Egoistic,Tolerant,Likeable,,,,Trustworthy,Resentful,,,Choleric,,Egoistic
100,130,1,2.0,,4.0,,29.0,1.0,pilut,1.0,1.0,,2.0,,,,,,,,,,,,,,,,,,,,,,,,,Tolerant,,Funny,,,Trustworthy,,Dumb,,Choleric,,Egoistic,,Likeable,,Relaxed,Caring,,,Dumb,,Choleric,,Egoistic,,,,,,,,,,,,,,,,,,,,,,,,,,,,,,,,,,,,,,,,,,,,,,,,
100,293,1,2.0,,5.0,,32.0,1.0,pilut,0.0,1.0,,1.0,,Likeable,,,Caring,Trustworthy,Resentful,,,Choleric,,Egoistic,,Likeable,,,Caring,Trustworthy,,Dumb,Faithless,,Withdrawn,,,,,,,,,,,,,,,,,,,,,,,,,,,,,,,,,,,,,,,,,,,,,,,,,,,,,,,,,,,,,,,,,,,,,,,,,
100,280,1,1.0,,9.0,,20.0,1.0,pilut,0.0,2.0,,1.0,Tolerant,Likeable,,,Caring,,,Dumb,,Choleric,Withdrawn,,Tolerant,Likeable,,,Caring,,Resentful,,Faithless,,,Egoistic,,,,,,,,,,,,,,,,,,,,,,,,,,,,,,,,,,,,,,,,,,,,,,,,,,,,,,,,,,,,,,,,,,,,,,,,
100,193,1,2.0,,5.0,,38.0,1.0,pilut,1.0,2.0,,2.0,,,,,,,,,,,,,,,,,,,,,,,,,Tolerant,Likeable,,Relaxed,,,,Dumb,,,Withdrawn,Egoistic,,,Funny,,Caring,Trustworthy,,Dumb,,,Withdrawn,Egoistic,,,,,,,,,,,,,,,,,,,,,,,,,,,,,,,,,,,,,,,,,,,,,,,,
100,326,1,1.0,,5.0,,31.0,1.0,pilut,1.0,2.0,,3.0,,,,,,,,,,,,,,,,,,,,,,,,,,,,,,,,,,,,,,,,,,,,,,,,,Tolerant,,Funny,Relaxed,,,,Dumb,,Choleric,Withdrawn,,Tolerant,,Funny,Relaxed,,,Resentful,,Faithless,,,Egoistic,,,,,,,,,,,,,,,,,,,,,,,,
100,344,1,1.0,,4.0,,20.0,1.0,pilut,0.0,1.0,,3.0,,,,,,,,,,,,,,,,,,,,,,,,,,,,,,,,,,,,,,,,,,,,,,,,,Tolerant,Likeable,,Relaxed,,,Resentful,,,,Withdrawn,Egoistic,Tolerant,Likeable,,Relaxed,,,,Dumb,Faithless,Choleric,,,,,,,,,,,,,,,,,,,,,,,,,,
100,301,1,2.0,,9.0,,41.0,1.0,Pilut,0.0,1.0,,3.0,,,,,,,,,,,,,,,,,,,,,,,,,,,,,,,,,,,,,,,,,,,,,,,,,,,Funny,,Caring,Trustworthy,Resentful,,Faithless,Choleric,,,,,Funny,,Caring,Trustworthy,,Dumb,,,Withdrawn,Egoistic,,,,,,,,,,,,,,,,,,,,,,,,
100,359,1,2.0,,5.0,,18.0,1.0,pilut,1.0,1.0,,4.0,,,,,,,,,,,,,,,,,,,,,,,,,,,,,,,,,,,,,,,,,,,,,,,,,,,,,,,,,,,,,,,,,,,,,,,,,Tolerant,,,Relaxed,,Trustworthy,Resentful,,Faithless,,,Egoistic,,Likeable,Funny,,Caring,,Resentful,,Faithless,,,Egoistic
100,184,1,2.0,,4.0,,19.0,1.0,pilut,1.0,1.0,,2.0,,,,,,,,,,,,,,,,,,,,,,,,,Tolerant,,,Relaxed,,Trustworthy,,Dumb,Faithless,,Withdrawn,,,Likeable,Funny,,Caring,,,Dumb,Faithless,,Withdrawn,,,,,,,,,,,,,,,,,,,,,,,,,,,,,,,,,,,,,,,,,,,,,,,,,
100,351,1,2.0,,9.0,,34.0,1.0,Pilut ,1.0,1.0,,2.0,,,,,,,,,,,,,,,,,,,,,,,,,,Likeable,Funny,Relaxed,,,,Dumb,Faithless,Choleric,,,Tolerant,,,,Caring,Trustworthy,,Dumb,Faithless,Choleric,,,,,,,,,,,,,,,,,,,,,,,,,,,,,,,,,,,,,,,,,,,,,,,,,,
100,441,1,2.0,,5.0,,19.0,1.0,pilut,0.0,2.0,,3.0,,,,,,,,,,,,,,,,,,,,,,,,,,,,,,,,,,,,,,,,,,,,,,,,,,,Funny,Relaxed,Caring,,,Dumb,,,Withdrawn,Egoistic,,,Funny,Relaxed,Caring,,Resentful,,Faithless,Choleric,,,,,,,,,,,,,,,,,,,,,,,,,,
100,247,1,2.0,,10.0,Arabic,18.0,1.0,pilut,0.0,1.0,,3.0,,,,,,,,,,,,,,,,,,,,,,,,,,,,,,,,,,,,,,,,,,,,,,,,,,Likeable,,,Caring,Trustworthy,Resentful,,Faithless,,Withdrawn,,,Likeable,,,Caring,Trustworthy,,Dumb,,Choleric,,Egoistic,,,,,,,,,,,,,,,,,,,,,,,,
100,292,1,2.0,,4.0,,18.0,1.0,pilut,1.0,1.0,,4.0,,,,,,,,,,,,,,,,,,,,,,,,,,,,,,,,,,,,,,,,,,,,,,,,,,,,,,,,,,,,,,,,,,,,,,,,,,,,Relaxed,Caring,Trustworthy,,,,Choleric,Withdrawn,Egoistic,Tolerant,Likeable,Funny,,,,,,,Choleric,Withdrawn,Egoistic
100,148,1,2.0,,8.0,,31.0,1.0,pilut,0.0,1.0,,4.0,,,,,,,,,,,,,,,,,,,,,,,,,,,,,,,,,,,,,,,,,,,,,,,,,,,,,,,,,,,,,,,,,,,,,,,,,,,Funny,Relaxed,Caring,,,Dumb,,Choleric,Withdrawn,,Tolerant,Likeable,,,,Trustworthy,,Dumb,,Choleric,Withdrawn,
100,132,1,1.0,,5.0,,36.0,1.0,pilut,0.0,1.0,,1.0,,Likeable,Funny,,,Trustworthy,Resentful,,Faithless,,,Egoistic,,Likeable,Funny,,,Trustworthy,,Dumb,,Choleric,Withdrawn,,,,,,,,,,,,,,,,,,,,,,,,,,,,,,,,,,,,,,,,,,,,,,,,,,,,,,,,,,,,,,,,,,,,,,,,,
100,198,1,2.0,,4.0,,24.0,1.0,pilut,0.0,4.0,,1.0,,Likeable,Funny,Relaxed,,,,Dumb,Faithless,Choleric,,,,Likeable,Funny,Relaxed,,,Resentful,,,,Withdrawn,Egoistic,,,,,,,,,,,,,,,,,,,,,,,,,,,,,,,,,,,,,,,,,,,,,,,,,,,,,,,,,,,,,,,,,,,,,,,,
100,296,1,2.0,,4.0,,18.0,1.0,pilut,1.0,1.0,,3.0,,,,,,,,,,,,,,,,,,,,,,,,,,,,,,,,,,,,,,,,,,,,,,,,,Tolerant,,,Relaxed,,Trustworthy,Resentful,,Faithless,Choleric,,,Tolerant,,,Relaxed,,Trustworthy,,Dumb,,,Withdrawn,Egoistic,,,,,,,,,,,,,,,,,,,,,,,,
100,179,1,1.0,,5.0,,18.0,1.0,pilut,1.0,1.0,,4.0,,,,,,,,,,,,,,,,,,,,,,,,,,,,,,,,,,,,,,,,,,,,,,,,,,,,,,,,,,,,,,,,,,,,,,,,,Tolerant,,,Relaxed,,Trustworthy,Resentful,Dumb,,Choleric,,,,Likeable,Funny,,Caring,,Resentful,Dumb,,Choleric,,
100,210,1,2.0,,4.0,,26.0,1.0,pilut,1.0,1.0,,3.0,,,,,,,,,,,,,,,,,,,,,,,,,,,,,,,,,,,,,,,,,,,,,,,,,,,Funny,Relaxed,Caring,,,,Faithless,Choleric,,Egoistic,,,Funny,Relaxed,Caring,,Resentful,Dumb,,,Withdrawn,,,,,,,,,,,,,,,,,,,,,,,,,
100,396,1,1.0,,6.0,,40.0,1.0,pilut,0.0,1.0,,1.0,,,Funny,Relaxed,,Trustworthy,Resentful,,Faithless,Choleric,,,,,Funny,Relaxed,,Trustworthy,,Dumb,,,Withdrawn,Egoistic,,,,,,,,,,,,,,,,,,,,,,,,,,,,,,,,,,,,,,,,,,,,,,,,,,,,,,,,,,,,,,,,,,,,,,,,
100,479,1,1.0,,9.0,,51.0,1.0,Pilut,0.0,1.0,,4.0,,,,,,,,,,,,,,,,,,,,,,,,,,,,,,,,,,,,,,,,,,,,,,,,,,,,,,,,,,,,,,,,,,,,,,,,,,,Funny,Relaxed,Caring,,,Dumb,,Choleric,Withdrawn,,Tolerant,Likeable,,,,Trustworthy,,Dumb,,Choleric,Withdrawn,
100,78,1,1.0,,5.0,,23.0,1.0,Pilut,0.0,2.0,,4.0,,,,,,,,,,,,,,,,,,,,,,,,,,,,,,,,,,,,,,,,,,,,,,,,,,,,,,,,,,,,,,,,,,,,,,,,,,Likeable,Funny,Relaxed,,,,,,Choleric,Withdrawn,Egoistic,Tolerant,,,,Caring,Trustworthy,,,,Choleric,Withdrawn,Egoistic
100,363,1,1.0,,7.0,,39.0,1.0,pilut,0.0,1.0,,1.0,,Likeable,,Relaxed,Caring,,Resentful,,,,Withdrawn,Egoistic,,Likeable,,Relaxed,Caring,,,Dumb,Faithless,Choleric,,,,,,,,,,,,,,,,,,,,,,,,,,,,,,,,,,,,,,,,,,,,,,,,,,,,,,,,,,,,,,,,,,,,,,,,,,
100,310,1,2.0,,7.0,,28.0,1.0,pilut,0.0,1.0,,1.0,,,Funny,,Caring,Trustworthy,Resentful,Dumb,,,Withdrawn,,,,Funny,,Caring,Trustworthy,,,Faithless,Choleric,,Egoistic,,,,,,,,,,,,,,,,,,,,,,,,,,,,,,,,,,,,,,,,,,,,,,,,,,,,,,,,,,,,,,,,,,,,,,,,
100,268,1,1.0,,5.0,,36.0,1.0,Pilut ,1.0,1.0,,4.0,,,,,,,,,,,,,,,,,,,,,,,,,,,,,,,,,,,,,,,,,,,,,,,,,,,,,,,,,,,,,,,,,,,,,,,,,,Likeable,,Relaxed,Caring,,Resentful,,,Choleric,,Egoistic,Tolerant,,Funny,,,Trustworthy,Resentful,,,Choleric,,Egoistic
100,295,1,2.0,,5.0,,20.0,1.0,pilut,1.0,1.0,,3.0,,,,,,,,,,,,,,,,,,,,,,,,,,,,,,,,,,,,,,,,,,,,,,,,,,Likeable,,Relaxed,Caring,,,Dumb,Faithless,,Withdrawn,,,Likeable,,Relaxed,Caring,,Resentful,,,Choleric,,Egoistic,,,,,,,,,,,,,,,,,,,,,,,,
100,243,1,1.0,,5.0,,50.0,1.0,pilut,0.0,1.0,,4.0,,,,,,,,,,,,,,,,,,,,,,,,,,,,,,,,,,,,,,,,,,,,,,,,,,,,,,,,,,,,,,,,,,,,,,,,,,,Funny,Relaxed,,Trustworthy,,,Faithless,Choleric,Withdrawn,,Tolerant,Likeable,,,Caring,,,,Faithless,Choleric,Withdrawn,
100,155,1,2.0,,5.0,,18.0,1.0,pilut,1.0,1.0,,3.0,,,,,,,,,,,,,,,,,,,,,,,,,,,,,,,,,,,,,,,,,,,,,,,,,,,Funny,,Caring,Trustworthy,Resentful,,Faithless,Choleric,,,,,Funny,,Caring,Trustworthy,,Dumb,,,Withdrawn,Egoistic,,,,,,,,,,,,,,,,,,,,,,,,
100,316,1,2.0,,5.0,,21.0,1.0,pilut,0.0,1.0,,2.0,,,,,,,,,,,,,,,,,,,,,,,,,,,Funny,,Caring,Trustworthy,,Dumb,,Choleric,Withdrawn,,Tolerant,Likeable,,Relaxed,,,,Dumb,,Choleric,Withdrawn,,,,,,,,,,,,,,,,,,,,,,,,,,,,,,,,,,,,,,,,,,,,,,,,,
100,146,1,1.0,,5.0,,23.0,1.0,pilut,0.0,2.0,,1.0,,,Funny,Relaxed,,Trustworthy,,,Faithless,Choleric,Withdrawn,,,,Funny,Relaxed,,Trustworthy,Resentful,Dumb,,,,Egoistic,,,,,,,,,,,,,,,,,,,,,,,,,,,,,,,,,,,,,,,,,,,,,,,,,,,,,,,,,,,,,,,,,,,,,,,,
100,439,1,1.0,,8.0,,28.0,1.0,pilut,1.0,1.0,,3.0,,,,,,,,,,,,,,,,,,,,,,,,,,,,,,,,,,,,,,,,,,,,,,,,,,Likeable,Funny,,,Trustworthy,,,,Choleric,Withdrawn,Egoistic,,Likeable,Funny,,,Trustworthy,Resentful,Dumb,Faithless,,,,,,,,,,,,,,,,,,,,,,,,,,,
100,324,1,2.0,,4.0,,42.0,1.0,pilut,0.0,1.0,,4.0,,,,,,,,,,,,,,,,,,,,,,,,,,,,,,,,,,,,,,,,,,,,,,,,,,,,,,,,,,,,,,,,,,,,,,,,,Tolerant,Likeable,,,,Trustworthy,Resentful,Dumb,Faithless,,,,,,Funny,Relaxed,Caring,,Resentful,Dumb,Faithless,,,
100,434,1,2.0,,6.0,,31.0,1.0,pilut,0.0,1.0,,2.0,,,,,,,,,,,,,,,,,,,,,,,,,,Likeable,Funny,,Caring,,,,Faithless,Choleric,,Egoistic,Tolerant,,,Relaxed,,Trustworthy,,,Faithless,Choleric,,Egoistic,,,,,,,,,,,,,,,,,,,,,,,,,,,,,,,,,,,,,,,,,,,,,,,,
100,183,1,2.0,,4.0,,20.0,1.0,pilut,0.0,4.0,,3.0,,,,,,,,,,,,,,,,,,,,,,,,,,,,,,,,,,,,,,,,,,,,,,,,,Tolerant,,Funny,,,Trustworthy,Resentful,Dumb,,,,Egoistic,Tolerant,,Funny,,,Trustworthy,,,Faithless,Choleric,Withdrawn,,,,,,,,,,,,,,,,,,,,,,,,,
100,187,1,2.0,,4.0,,30.0,1.0,pilut,1.0,1.0,,3.0,,,,,,,,,,,,,,,,,,,,,,,,,,,,,,,,,,,,,,,,,,,,,,,,,Tolerant,,,,Caring,Trustworthy,,Dumb,,,Withdrawn,Egoistic,Tolerant,,,,Caring,Trustworthy,Resentful,,Faithless,Choleric,,,,,,,,,,,,,,,,,,,,,,,,,,
100,158,1,2.0,,4.0,,22.0,1.0,pilut,1.0,1.0,,4.0,,,,,,,,,,,,,,,,,,,,,,,,,,,,,,,,,,,,,,,,,,,,,,,,,,,,,,,,,,,,,,,,,,,,,,,,,,Likeable,,Relaxed,,Trustworthy,Resentful,Dumb,Faithless,,,,Tolerant,,Funny,,Caring,,Resentful,Dumb,Faithless,,,
100,297,1,2.0,,10.0,Ashkenazi Jewish,24.0,1.0,pilut,1.0,1.0,,3.0,,,,,,,,,,,,,,,,,,,,,,,,,,,,,,,,,,,,,,,,,,,,,,,,,,Likeable,,,Caring,Trustworthy,,Dumb,,,Withdrawn,Egoistic,,Likeable,,,Caring,Trustworthy,Resentful,,Faithless,Choleric,,,,,,,,,,,,,,,,,,,,,,,,,,
100,159,1,2.0,,5.0,,29.0,1.0,pilut,1.0,3.0,,3.0,,,,,,,,,,,,,,,,,,,,,,,,,,,,,,,,,,,,,,,,,,,,,,,,,,,Funny,Relaxed,Caring,,Resentful,,,Choleric,Withdrawn,,,,Funny,Relaxed,Caring,,,Dumb,Faithless,,,Egoistic,,,,,,,,,,,,,,,,,,,,,,,,
100,428,1,2.0,,5.0,,46.0,1.0,pilut,1.0,2.0,,2.0,,,,,,,,,,,,,,,,,,,,,,,,,Tolerant,,Funny,Relaxed,,,,,,Choleric,Withdrawn,Egoistic,,Likeable,,,Caring,Trustworthy,,,,Choleric,Withdrawn,Egoistic,,,,,,,,,,,,,,,,,,,,,,,,,,,,,,,,,,,,,,,,,,,,,,,,
100,477,1,1.0,,5.0,,28.0,1.0,pilut,1.0,1.0,,3.0,,,,,,,,,,,,,,,,,,,,,,,,,,,,,,,,,,,,,,,,,,,,,,,,,,Likeable,Funny,,Caring,,Resentful,Dumb,Faithless,,,,,Likeable,Funny,,Caring,,,,,Choleric,Withdrawn,Egoistic,,,,,,,,,,,,,,,,,,,,,,,,
100,182,1,2.0,,5.0,,22.0,1.0,pilut,1.0,1.0,,3.0,,,,,,,,,,,,,,,,,,,,,,,,,,,,,,,,,,,,,,,,,,,,,,,,,,Likeable,Funny,,,Trustworthy,,Dumb,Faithless,,,Egoistic,,Likeable,Funny,,,Trustworthy,Resentful,,,Choleric,Withdrawn,,,,,,,,,,,,,,,,,,,,,,,,,
100,331,1,2.0,,10.0,Latino,33.0,1.0,pilut,0.0,1.0,,2.0,,,,,,,,,,,,,,,,,,,,,,,,,,Likeable,,Relaxed,,Trustworthy,Resentful,Dumb,,,Withdrawn,,Tolerant,,Funny,,Caring,,Resentful,Dumb,,,Withdrawn,,,,,,,,,,,,,,,,,,,,,,,,,,,,,,,,,,,,,,,,,,,,,,,,,
100,175,1,1.0,,4.0,,26.0,1.0,pilut,0.0,2.0,,1.0,,Likeable,,Relaxed,,Trustworthy,Resentful,,Faithless,,Withdrawn,,,Likeable,,Relaxed,,Trustworthy,,Dumb,,Choleric,,Egoistic,,,,,,,,,,,,,,,,,,,,,,,,,,,,,,,,,,,,,,,,,,,,,,,,,,,,,,,,,,,,,,,,,,,,,,,,
100,222,1,2.0,,5.0,,38.0,1.0,pilut,1.0,1.0,,3.0,,,,,,,,,,,,,,,,,,,,,,,,,,,,,,,,,,,,,,,,,,,,,,,,,Tolerant,Likeable,,Relaxed,,,,,,Choleric,Withdrawn,Egoistic,Tolerant,Likeable,,Relaxed,,,Resentful,Dumb,Faithless,,,,,,,,,,,,,,,,,,,,,,,,,,,
100,274,1,1.0,,5.0,,19.0,1.0,pilut,1.0,2.0,,3.0,,,,,,,,,,,,,,,,,,,,,,,,,,,,,,,,,,,,,,,,,,,,,,,,,,Likeable,,Relaxed,Caring,,Resentful,Dumb,,Choleric,,,,Likeable,,Relaxed,Caring,,,,Faithless,,Withdrawn,Egoistic,,,,,,,,,,,,,,,,,,,,,,,,
100,178,1,2.0,,5.0,,30.0,1.0,pilut,0.0,1.0,,1.0,Tolerant,,,Relaxed,,Trustworthy,Resentful,Dumb,,,Withdrawn,,Tolerant,,,Relaxed,,Trustworthy,,,Faithless,Choleric,,Egoistic,,,,,,,,,,,,,,,,,,,,,,,,,,,,,,,,,,,,,,,,,,,,,,,,,,,,,,,,,,,,,,,,,,,,,,,,
100,437,1,2.0,,5.0,,30.0,1.0,pilut,1.0,1.0,,1.0,Tolerant,Likeable,,Relaxed,,,Resentful,,Faithless,,,Egoistic,Tolerant,Likeable,,Relaxed,,,,Dumb,,Choleric,Withdrawn,,,,,,,,,,,,,,,,,,,,,,,,,,,,,,,,,,,,,,,,,,,,,,,,,,,,,,,,,,,,,,,,,,,,,,,,,
100,230,1,2.0,,5.0,,18.0,1.0,pilut,0.0,1.0,,4.0,,,,,,,,,,,,,,,,,,,,,,,,,,,,,,,,,,,,,,,,,,,,,,,,,,,,,,,,,,,,,,,,,,,,,,,,,,Likeable,,,Caring,Trustworthy,,Dumb,Faithless,,,Egoistic,Tolerant,,Funny,Relaxed,,,,Dumb,Faithless,,,Egoistic
100,326,1,2.0,,4.0,,23.0,1.0,pilut,0.0,1.0,,2.0,,,,,,,,,,,,,,,,,,,,,,,,,,Likeable,,,Caring,Trustworthy,,,Faithless,Choleric,,Egoistic,Tolerant,,Funny,Relaxed,,,,,Faithless,Choleric,,Egoistic,,,,,,,,,,,,,,,,,,,,,,,,,,,,,,,,,,,,,,,,,,,,,,,,
100,260,1,2.0,,5.0,,20.0,1.0,pilut,1.0,1.0,,1.0,Tolerant,,Funny,,Caring,,,Dumb,,Choleric,,Egoistic,Tolerant,,Funny,,Caring,,Resentful,,Faithless,,Withdrawn,,,,,,,,,,,,,,,,,,,,,,,,,,,,,,,,,,,,,,,,,,,,,,,,,,,,,,,,,,,,,,,,,,,,,,,,,
100,231,1,1.0,,4.0,,28.0,1.0,pilut,1.0,1.0,,2.0,,,,,,,,,,,,,,,,,,,,,,,,,,,Funny,Relaxed,Caring,,,Dumb,Faithless,,Withdrawn,,Tolerant,Likeable,,,,Trustworthy,,Dumb,Faithless,,Withdrawn,,,,,,,,,,,,,,,,,,,,,,,,,,,,,,,,,,,,,,,,,,,,,,,,,
100,464,1,1.0,,5.0,,27.0,1.0,Pilut,1.0,1.0,,3.0,,,,,,,,,,,,,,,,,,,,,,,,,,,,,,,,,,,,,,,,,,,,,,,,,Tolerant,,Funny,,Caring,,,Dumb,Faithless,,Withdrawn,,Tolerant,,Funny,,Caring,,Resentful,,,Choleric,,Egoistic,,,,,,,,,,,,,,,,,,,,,,,,
100,176,1,1.0,,8.0,,30.0,1.0,Pilut ,0.0,1.0,,1.0,,Likeable,Funny,,Caring,,,,Faithless,Choleric,,Egoistic,,Likeable,Funny,,Caring,,Resentful,Dumb,,,Withdrawn,,,,,,,,,,,,,,,,,,,,,,,,,,,,,,,,,,,,,,,,,,,,,,,,,,,,,,,,,,,,,,,,,,,,,,,,,
100,320,1,1.0,,6.0,,20.0,1.0,pilut,1.0,1.0,,1.0,Tolerant,,,Relaxed,Caring,,,Dumb,,Choleric,,Egoistic,Tolerant,,,Relaxed,Caring,,Resentful,,Faithless,,Withdrawn,,,,,,,,,,,,,,,,,,,,,,,,,,,,,,,,,,,,,,,,,,,,,,,,,,,,,,,,,,,,,,,,,,,,,,,,,
100,158,1,2.0,,5.0,,20.0,1.0,pilut,0.0,2.0,,4.0,,,,,,,,,,,,,,,,,,,,,,,,,,,,,,,,,,,,,,,,,,,,,,,,,,,,,,,,,,,,,,,,,,,,,,,,,Tolerant,Likeable,,,,Trustworthy,Resentful,Dumb,Faithless,,,,,,Funny,Relaxed,Caring,,Resentful,Dumb,Faithless,,,
100,288,1,1.0,,4.0,,32.0,1.0,Pilut,0.0,1.0,,2.0,,,,,,,,,,,,,,,,,,,,,,,,,,Likeable,Funny,,Caring,,Resentful,,Faithless,Choleric,,,Tolerant,,,Relaxed,,Trustworthy,Resentful,,Faithless,Choleric,,,,,,,,,,,,,,,,,,,,,,,,,,,,,,,,,,,,,,,,,,,,,,,,,,
100,241,1,1.0,,5.0,,22.0,1.0,pilut,1.0,1.0,,2.0,,,,,,,,,,,,,,,,,,,,,,,,,Tolerant,Likeable,,Relaxed,,,Resentful,Dumb,,Choleric,,,,,Funny,,Caring,Trustworthy,Resentful,Dumb,,Choleric,,,,,,,,,,,,,,,,,,,,,,,,,,,,,,,,,,,,,,,,,,,,,,,,,,
100,257,1,2.0,,4.0,,20.0,1.0,pilut,1.0,1.0,,1.0,Tolerant,Likeable,,,Caring,,,,,Choleric,Withdrawn,Egoistic,Tolerant,Likeable,,,Caring,,Resentful,Dumb,Faithless,,,,,,,,,,,,,,,,,,,,,,,,,,,,,,,,,,,,,,,,,,,,,,,,,,,,,,,,,,,,,,,,,,,,,,,,,,,
100,211,1,2.0,,5.0,,39.0,1.0,pilut,1.0,1.0,,3.0,,,,,,,,,,,,,,,,,,,,,,,,,,,,,,,,,,,,,,,,,,,,,,,,,Tolerant,,Funny,,Caring,,,Dumb,,Choleric,Withdrawn,,Tolerant,,Funny,,Caring,,Resentful,,Faithless,,,Egoistic,,,,,,,,,,,,,,,,,,,,,,,,
100,250,1,2.0,,4.0,,18.0,1.0,pilut,0.0,1.0,,2.0,,,,,,,,,,,,,,,,,,,,,,,,,,,Funny,Relaxed,,Trustworthy,Resentful,,,Choleric,,Egoistic,Tolerant,Likeable,,,Caring,,Resentful,,,Choleric,,Egoistic,,,,,,,,,,,,,,,,,,,,,,,,,,,,,,,,,,,,,,,,,,,,,,,,
100,343,1,2.0,,5.0,,28.0,1.0,pilut,0.0,1.0,,4.0,,,,,,,,,,,,,,,,,,,,,,,,,,,,,,,,,,,,,,,,,,,,,,,,,,,,,,,,,,,,,,,,,,,,,,,,,Tolerant,Likeable,Funny,,,,,Dumb,,Choleric,Withdrawn,,,,,Relaxed,Caring,Trustworthy,,Dumb,,Choleric,Withdrawn,
100,420,1,2.0,,5.0,,26.0,1.0,pilut,0.0,1.0,,4.0,,,,,,,,,,,,,,,,,,,,,,,,,,,,,,,,,,,,,,,,,,,,,,,,,,,,,,,,,,,,,,,,,,,,,,,,,Tolerant,,Funny,,Caring,,Resentful,,Faithless,,Withdrawn,,,Likeable,,Relaxed,,Trustworthy,Resentful,,Faithless,,Withdrawn,
100,209,1,1.0,,5.0,,31.0,1.0,pilut,0.0,1.0,,2.0,,,,,,,,,,,,,,,,,,,,,,,,,,,,Relaxed,Caring,Trustworthy,Resentful,,Faithless,,Withdrawn,,Tolerant,Likeable,Funny,,,,Resentful,,Faithless,,Withdrawn,,,,,,,,,,,,,,,,,,,,,,,,,,,,,,,,,,,,,,,,,,,,,,,,,
100,268,1,2.0,,5.0,,23.0,1.0,pilut,1.0,2.0,,3.0,,,,,,,,,,,,,,,,,,,,,,,,,,,,,,,,,,,,,,,,,,,,,,,,,,,Funny,Relaxed,Caring,,Resentful,,,Choleric,Withdrawn,,,,Funny,Relaxed,Caring,,,Dumb,Faithless,,,Egoistic,,,,,,,,,,,,,,,,,,,,,,,,
100,132,1,2.0,,4.0,,21.0,1.0,Pilut ,1.0,1.0,,3.0,,,,,,,,,,,,,,,,,,,,,,,,,,,,,,,,,,,,,,,,,,,,,,,,,Tolerant,Likeable,,,,Trustworthy,,Dumb,Faithless,,Withdrawn,,Tolerant,Likeable,,,,Trustworthy,Resentful,,,Choleric,,Egoistic,,,,,,,,,,,,,,,,,,,,,,,,
100,125,1,2.0,,4.0,,29.0,1.0,pilut,0.0,1.0,,1.0,,Likeable,,Relaxed,Caring,,,Dumb,,Choleric,Withdrawn,,,Likeable,,Relaxed,Caring,,Resentful,,Faithless,,,Egoistic,,,,,,,,,,,,,,,,,,,,,,,,,,,,,,,,,,,,,,,,,,,,,,,,,,,,,,,,,,,,,,,,,,,,,,,,
100,196,1,2.0,,5.0,,28.0,1.0,pilut,1.0,2.0,,2.0,,,,,,,,,,,,,,,,,,,,,,,,,Tolerant,,Funny,Relaxed,,,Resentful,,,Choleric,,Egoistic,,Likeable,,,Caring,Trustworthy,Resentful,,,Choleric,,Egoistic,,,,,,,,,,,,,,,,,,,,,,,,,,,,,,,,,,,,,,,,,,,,,,,,
100,261,1,1.0,,4.0,,31.0,1.0,pilut,0.0,1.0,,4.0,,,,,,,,,,,,,,,,,,,,,,,,,,,,,,,,,,,,,,,,,,,,,,,,,,,,,,,,,,,,,,,,,,,,,,,,,Tolerant,,Funny,,,Trustworthy,,,,Choleric,Withdrawn,Egoistic,,Likeable,,Relaxed,Caring,,,,,Choleric,Withdrawn,Egoistic
100,252,1,2.0,,4.0,,20.0,1.0,pilut,0.0,1.0,,3.0,,,,,,,,,,,,,,,,,,,,,,,,,,,,,,,,,,,,,,,,,,,,,,,,,Tolerant,,Funny,Relaxed,,,Resentful,,,,Withdrawn,Egoistic,Tolerant,,Funny,Relaxed,,,,Dumb,Faithless,Choleric,,,,,,,,,,,,,,,,,,,,,,,,,,
100,246,1,1.0,,5.0,,20.0,1.0,Pilut,0.0,1.0,,1.0,,Likeable,,Relaxed,Caring,,Resentful,,,Choleric,Withdrawn,,,Likeable,,Relaxed,Caring,,,Dumb,Faithless,,,Egoistic,,,,,,,,,,,,,,,,,,,,,,,,,,,,,,,,,,,,,,,,,,,,,,,,,,,,,,,,,,,,,,,,,,,,,,,,
100,213,1,1.0,,9.0,,21.0,1.0,pilut,1.0,1.0,,4.0,,,,,,,,,,,,,,,,,,,,,,,,,,,,,,,,,,,,,,,,,,,,,,,,,,,,,,,,,,,,,,,,,,,,,,,,,,Likeable,Funny,,,Trustworthy,Resentful,,,Choleric,,Egoistic,Tolerant,,,Relaxed,Caring,,Resentful,,,Choleric,,Egoistic
100,282,1,1.0,,4.0,,35.0,1.0,pilut,0.0,1.0,,4.0,,,,,,,,,,,,,,,,,,,,,,,,,,,,,,,,,,,,,,,,,,,,,,,,,,,,,,,,,,,,,,,,,,,,,,,,,Tolerant,Likeable,,Relaxed,,,Resentful,,Faithless,,,Egoistic,,,Funny,,Caring,Trustworthy,Resentful,,Faithless,,,Egoistic
100,230,1,1.0,,5.0,,26.0,1.0,pilut,0.0,2.0,,4.0,,,,,,,,,,,,,,,,,,,,,,,,,,,,,,,,,,,,,,,,,,,,,,,,,,,,,,,,,,,,,,,,,,,,,,,,,Tolerant,,,Relaxed,Caring,,Resentful,,,Choleric,,Egoistic,,Likeable,Funny,,,Trustworthy,Resentful,,,Choleric,,Egoistic
100,252,1,1.0,,4.0,,40.0,1.0,Pilut,1.0,1.0,,2.0,,,,,,,,,,,,,,,,,,,,,,,,,Tolerant,,,Relaxed,,Trustworthy,Resentful,,,,Withdrawn,Egoistic,,Likeable,Funny,,Caring,,Resentful,,,,Withdrawn,Egoistic,,,,,,,,,,,,,,,,,,,,,,,,,,,,,,,,,,,,,,,,,,,,,,,,
100,409,1,2.0,,8.0,,31.0,1.0,pilut,1.0,1.0,,1.0,Tolerant,,Funny,,,Trustworthy,Resentful,,,,Withdrawn,Egoistic,Tolerant,,Funny,,,Trustworthy,,Dumb,Faithless,Choleric,,,,,,,,,,,,,,,,,,,,,,,,,,,,,,,,,,,,,,,,,,,,,,,,,,,,,,,,,,,,,,,,,,,,,,,,,,
100,326,1,1.0,,5.0,,24.0,1.0,pilut,0.0,2.0,,2.0,,,,,,,,,,,,,,,,,,,,,,,,,,Likeable,Funny,Relaxed,,,,Dumb,Faithless,,,Egoistic,Tolerant,,,,Caring,Trustworthy,,Dumb,Faithless,,,Egoistic,,,,,,,,,,,,,,,,,,,,,,,,,,,,,,,,,,,,,,,,,,,,,,,,
100,179,1,2.0,,5.0,,20.0,1.0,pilut,1.0,1.0,,4.0,,,,,,,,,,,,,,,,,,,,,,,,,,,,,,,,,,,,,,,,,,,,,,,,,,,,,,,,,,,,,,,,,,,,,,,,,,,Funny,Relaxed,Caring,,Resentful,Dumb,,Choleric,,,Tolerant,Likeable,,,,Trustworthy,Resentful,Dumb,,Choleric,,
100,247,1,1.0,,5.0,,20.0,1.0,Pilut,1.0,2.0,,2.0,,,,,,,,,,,,,,,,,,,,,,,,,Tolerant,,Funny,,Caring,,,,,Choleric,Withdrawn,Egoistic,,Likeable,,Relaxed,,Trustworthy,,,,Choleric,Withdrawn,Egoistic,,,,,,,,,,,,,,,,,,,,,,,,,,,,,,,,,,,,,,,,,,,,,,,,
100,196,1,1.0,,5.0,,23.0,1.0,pilut,1.0,2.0,,3.0,,,,,,,,,,,,,,,,,,,,,,,,,,,,,,,,,,,,,,,,,,,,,,,,,Tolerant,Likeable,,,Caring,,,Dumb,Faithless,,Withdrawn,,Tolerant,Likeable,,,Caring,,Resentful,,,Choleric,,Egoistic,,,,,,,,,,,,,,,,,,,,,,,,
100,295,1,2.0,,5.0,,34.0,1.0,pilut,1.0,2.0,,4.0,,,,,,,,,,,,,,,,,,,,,,,,,,,,,,,,,,,,,,,,,,,,,,,,,,,,,,,,,,,,,,,,,,,,,,,,,,,,Relaxed,Caring,Trustworthy,,,Faithless,Choleric,Withdrawn,,Tolerant,Likeable,Funny,,,,,,Faithless,Choleric,Withdrawn,
100,316,1,1.0,,4.0,,19.0,1.0,Pilut,0.0,1.0,,4.0,,,,,,,,,,,,,,,,,,,,,,,,,,,,,,,,,,,,,,,,,,,,,,,,,,,,,,,,,,,,,,,,,,,,,,,,,,,,Relaxed,Caring,Trustworthy,,Dumb,Faithless,,Withdrawn,,Tolerant,Likeable,Funny,,,,,Dumb,Faithless,,Withdrawn,
100,324,1,2.0,,5.0,,34.0,1.0,pilut,0.0,1.0,,2.0,,,,,,,,,,,,,,,,,,,,,,,,,Tolerant,Likeable,,,Caring,,Resentful,Dumb,,Choleric,,,,,Funny,Relaxed,,Trustworthy,Resentful,Dumb,,Choleric,,,,,,,,,,,,,,,,,,,,,,,,,,,,,,,,,,,,,,,,,,,,,,,,,,
100,180,1,2.0,,4.0,,19.0,1.0,pilut,1.0,1.0,,1.0,,,Funny,Relaxed,Caring,,Resentful,Dumb,,,,Egoistic,,,Funny,Relaxed,Caring,,,,Faithless,Choleric,Withdrawn,,,,,,,,,,,,,,,,,,,,,,,,,,,,,,,,,,,,,,,,,,,,,,,,,,,,,,,,,,,,,,,,,,,,,,,,,
100,220,1,1.0,,4.0,,66.0,1.0,Pilut,0.0,1.0,,1.0,,Likeable,,,Caring,Trustworthy,Resentful,,Faithless,Choleric,,,,Likeable,,,Caring,Trustworthy,,Dumb,,,Withdrawn,Egoistic,,,,,,,,,,,,,,,,,,,,,,,,,,,,,,,,,,,,,,,,,,,,,,,,,,,,,,,,,,,,,,,,,,,,,,,,
100,179,1,1.0,,5.0,,18.0,1.0,pilut,0.0,2.0,,3.0,,,,,,,,,,,,,,,,,,,,,,,,,,,,,,,,,,,,,,,,,,,,,,,,,Tolerant,,Funny,,,Trustworthy,Resentful,,,Choleric,,Egoistic,Tolerant,,Funny,,,Trustworthy,,Dumb,Faithless,,Withdrawn,,,,,,,,,,,,,,,,,,,,,,,,,
100,274,1,1.0,,5.0,,22.0,1.0,pilut,1.0,1.0,,2.0,,,,,,,,,,,,,,,,,,,,,,,,,,Likeable,Funny,,,Trustworthy,,Dumb,,Choleric,,Egoistic,Tolerant,,,Relaxed,Caring,,,Dumb,,Choleric,,Egoistic,,,,,,,,,,,,,,,,,,,,,,,,,,,,,,,,,,,,,,,,,,,,,,,,
100,233,1,1.0,,5.0,,26.0,1.0,pilut,0.0,2.0,,1.0,Tolerant,Likeable,,Relaxed,,,,Dumb,Faithless,,Withdrawn,,Tolerant,Likeable,,Relaxed,,,Resentful,,,Choleric,,Egoistic,,,,,,,,,,,,,,,,,,,,,,,,,,,,,,,,,,,,,,,,,,,,,,,,,,,,,,,,,,,,,,,,,,,,,,,,
100,160,1,2.0,,9.0,,28.0,1.0,pilut,0.0,1.0,,2.0,,,,,,,,,,,,,,,,,,,,,,,,,Tolerant,,Funny,,Caring,,Resentful,,,Choleric,,Egoistic,,Likeable,,Relaxed,,Trustworthy,Resentful,,,Choleric,,Egoistic,,,,,,,,,,,,,,,,,,,,,,,,,,,,,,,,,,,,,,,,,,,,,,,,
100,402,1,2.0,,9.0,,41.0,1.0,pilut,1.0,1.0,,2.0,,,,,,,,,,,,,,,,,,,,,,,,,,,,Relaxed,Caring,Trustworthy,Resentful,,Faithless,Choleric,,,Tolerant,Likeable,Funny,,,,Resentful,,Faithless,Choleric,,,,,,,,,,,,,,,,,,,,,,,,,,,,,,,,,,,,,,,,,,,,,,,,,,
100,222,1,1.0,,5.0,,21.0,1.0,Pilut,0.0,1.0,,4.0,,,,,,,,,,,,,,,,,,,,,,,,,,,,,,,,,,,,,,,,,,,,,,,,,,,,,,,,,,,,,,,,,,,,,,,,,Tolerant,Likeable,,,Caring,,,Dumb,,,Withdrawn,Egoistic,,,Funny,Relaxed,,Trustworthy,,Dumb,,,Withdrawn,Egoistic
100,139,1,2.0,,5.0,,19.0,1.0,pilut,0.0,4.0,,2.0,,,,,,,,,,,,,,,,,,,,,,,,,Tolerant,,,,Caring,Trustworthy,,Dumb,Faithless,Choleric,,,,Likeable,Funny,Relaxed,,,,Dumb,Faithless,Choleric,,,,,,,,,,,,,,,,,,,,,,,,,,,,,,,,,,,,,,,,,,,,,,,,,,
100,275,1,1.0,,4.0,,23.0,1.0,pilut,0.0,1.0,,2.0,,,,,,,,,,,,,,,,,,,,,,,,,Tolerant,,,Relaxed,,Trustworthy,Resentful,,,,Withdrawn,Egoistic,,Likeable,Funny,,Caring,,Resentful,,,,Withdrawn,Egoistic,,,,,,,,,,,,,,,,,,,,,,,,,,,,,,,,,,,,,,,,,,,,,,,,
100,228,1,2.0,,5.0,,27.0,1.0,pilut,1.0,1.0,,3.0,,,,,,,,,,,,,,,,,,,,,,,,,,,,,,,,,,,,,,,,,,,,,,,,,,Likeable,Funny,Relaxed,,,Resentful,Dumb,,,,Egoistic,,Likeable,Funny,Relaxed,,,,,Faithless,Choleric,Withdrawn,,,,,,,,,,,,,,,,,,,,,,,,,
100,218,1,2.0,,4.0,,47.0,1.0,pilut,0.0,1.0,,2.0,,,,,,,,,,,,,,,,,,,,,,,,,Tolerant,Likeable,,,Caring,,Resentful,,Faithless,,Withdrawn,,,,Funny,Relaxed,,Trustworthy,Resentful,,Faithless,,Withdrawn,,,,,,,,,,,,,,,,,,,,,,,,,,,,,,,,,,,,,,,,,,,,,,,,,
100,288,1,1.0,,5.0,,21.0,1.0,Pilut,1.0,1.0,,1.0,Tolerant,Likeable,Funny,,,,Resentful,Dumb,,,Withdrawn,,Tolerant,Likeable,Funny,,,,,,Faithless,Choleric,,Egoistic,,,,,,,,,,,,,,,,,,,,,,,,,,,,,,,,,,,,,,,,,,,,,,,,,,,,,,,,,,,,,,,,,,,,,,,,
100,264,1,1.0,,5.0,,35.0,1.0,pilut,1.0,2.0,   ,3.0,,,,,,,,,,,,,,,,,,,,,,,,,,,,,,,,,,,,,,,,,,,,,,,,,Tolerant,,,Relaxed,,Trustworthy,,Dumb,Faithless,Choleric,,,Tolerant,,,Relaxed,,Trustworthy,Resentful,,,,Withdrawn,Egoistic,,,,,,,,,,,,,,,,,,,,,,,,
100,260,1,1.0,,5.0,,22.0,1.0,Pilut,0.0,1.0,,1.0,Tolerant,,Funny,,,Trustworthy,Resentful,Dumb,Faithless,,,,Tolerant,,Funny,,,Trustworthy,,,,Choleric,Withdrawn,Egoistic,,,,,,,,,,,,,,,,,,,,,,,,,,,,,,,,,,,,,,,,,,,,,,,,,,,,,,,,,,,,,,,,,,,,,,,,
100,208,1,1.0,,5.0,,37.0,1.0,pilut,0.0,1.0,,3.0,,,,,,,,,,,,,,,,,,,,,,,,,,,,,,,,,,,,,,,,,,,,,,,,,,Likeable,,Relaxed,Caring,,,,Faithless,Choleric,,Egoistic,,Likeable,,Relaxed,Caring,,Resentful,Dumb,,,Withdrawn,,,,,,,,,,,,,,,,,,,,,,,,,
100,251,1,2.0,,5.0,,23.0,1.0,pilut,1.0,1.0,,2.0,,,,,,,,,,,,,,,,,,,,,,,,,,,Funny,,Caring,Trustworthy,,Dumb,Faithless,,Withdrawn,,Tolerant,Likeable,,Relaxed,,,,Dumb,Faithless,,Withdrawn,,,,,,,,,,,,,,,,,,,,,,,,,,,,,,,,,,,,,,,,,,,,,,,,,
100,190,1,2.0,,4.0,,24.0,1.0,pilut,1.0,2.0,,3.0,,,,,,,,,,,,,,,,,,,,,,,,,,,,,,,,,,,,,,,,,,,,,,,,,Tolerant,,,,Caring,Trustworthy,,Dumb,Faithless,,Withdrawn,,Tolerant,,,,Caring,Trustworthy,Resentful,,,Choleric,,Egoistic,,,,,,,,,,,,,,,,,,,,,,,,
100,202,1,2.0,,4.0,,45.0,1.0,Pilut,0.0,1.0,,3.0,,,,,,,,,,,,,,,,,,,,,,,,,,,,,,,,,,,,,,,,,,,,,,,,,Tolerant,,Funny,,,Trustworthy,Resentful,,Faithless,,,Egoistic,Tolerant,,Funny,,,Trustworthy,,Dumb,,Choleric,Withdrawn,,,,,,,,,,,,,,,,,,,,,,,,,
100,486,1,1.0,,5.0,,31.0,1.0,pilut,0.0,4.0,,1.0,Tolerant,,,Relaxed,Caring,,,Dumb,,,Withdrawn,Egoistic,Tolerant,,,Relaxed,Caring,,Resentful,,Faithless,Choleric,,,,,,,,,,,,,,,,,,,,,,,,,,,,,,,,,,,,,,,,,,,,,,,,,,,,,,,,,,,,,,,,,,,,,,,,,,
100,289,1,1.0,,6.0,,36.0,1.0,pilut,1.0,1.0,,2.0,,,,,,,,,,,,,,,,,,,,,,,,,,Likeable,Funny,,,Trustworthy,Resentful,,Faithless,,,Egoistic,Tolerant,,,Relaxed,Caring,,Resentful,,Faithless,,,Egoistic,,,,,,,,,,,,,,,,,,,,,,,,,,,,,,,,,,,,,,,,,,,,,,,,
100,319,1,2.0,,4.0,,38.0,1.0,pilut,1.0,1.0,,3.0,,,,,,,,,,,,,,,,,,,,,,,,,,,,,,,,,,,,,,,,,,,,,,,,,,Likeable,Funny,,,Trustworthy,,Dumb,Faithless,Choleric,,,,Likeable,Funny,,,Trustworthy,Resentful,,,,Withdrawn,Egoistic,,,,,,,,,,,,,,,,,,,,,,,,
100,198,1,2.0,,5.0,,23.0,1.0,pilut,1.0,1.0,,1.0,,Likeable,,Relaxed,Caring,,Resentful,Dumb,,Choleric,,,,Likeable,,Relaxed,Caring,,,,Faithless,,Withdrawn,Egoistic,,,,,,,,,,,,,,,,,,,,,,,,,,,,,,,,,,,,,,,,,,,,,,,,,,,,,,,,,,,,,,,,,,,,,,,,
100,174,1,2.0,,5.0,,21.0,1.0,pilut,0.0,2.0,,4.0,,,,,,,,,,,,,,,,,,,,,,,,,,,,,,,,,,,,,,,,,,,,,,,,,,,,,,,,,,,,,,,,,,,,,,,,,,,,Relaxed,Caring,Trustworthy,,,Faithless,Choleric,,Egoistic,Tolerant,Likeable,Funny,,,,,,Faithless,Choleric,,Egoistic
100,430,1,2.0,,5.0,,21.0,1.0,pilut,1.0,1.0,,1.0,Tolerant,Likeable,,,Caring,,Resentful,,,Choleric,,Egoistic,Tolerant,Likeable,,,Caring,,,Dumb,Faithless,,Withdrawn,,,,,,,,,,,,,,,,,,,,,,,,,,,,,,,,,,,,,,,,,,,,,,,,,,,,,,,,,,,,,,,,,,,,,,,,,
100,157,1,2.0,,4.0,,19.0,1.0,pilut,0.0,1.0,,2.0,,,,,,,,,,,,,,,,,,,,,,,,,Tolerant,Likeable,,,,Trustworthy,,Dumb,,Choleric,,Egoistic,,,Funny,Relaxed,Caring,,,Dumb,,Choleric,,Egoistic,,,,,,,,,,,,,,,,,,,,,,,,,,,,,,,,,,,,,,,,,,,,,,,,
100,367,1,2.0,,5.0,,24.0,1.0,pilut,1.0,2.0,,3.0,,,,,,,,,,,,,,,,,,,,,,,,,,,,,,,,,,,,,,,,,,,,,,,,,,Likeable,,Relaxed,,Trustworthy,,,Faithless,Choleric,,Egoistic,,Likeable,,Relaxed,,Trustworthy,Resentful,Dumb,,,Withdrawn,,,,,,,,,,,,,,,,,,,,,,,,,
100,238,1,2.0,,4.0,,27.0,1.0,pilut,1.0,3.0,,3.0,,,,,,,,,,,,,,,,,,,,,,,,,,,,,,,,,,,,,,,,,,,,,,,,,Tolerant,,,Relaxed,Caring,,,Dumb,Faithless,,Withdrawn,,Tolerant,,,Relaxed,Caring,,Resentful,,,Choleric,,Egoistic,,,,,,,,,,,,,,,,,,,,,,,,
100,411,1,1.0,,5.0,,27.0,1.0,pilut,1.0,1.0,,1.0,,Likeable,Funny,,Caring,,,,Faithless,Choleric,,Egoistic,,Likeable,Funny,,Caring,,Resentful,Dumb,,,Withdrawn,,,,,,,,,,,,,,,,,,,,,,,,,,,,,,,,,,,,,,,,,,,,,,,,,,,,,,,,,,,,,,,,,,,,,,,,,
100,245,1,1.0,,4.0,,21.0,1.0,pilut,1.0,3.0,,4.0,,,,,,,,,,,,,,,,,,,,,,,,,,,,,,,,,,,,,,,,,,,,,,,,,,,,,,,,,,,,,,,,,,,,,,,,,Tolerant,Likeable,,,,Trustworthy,Resentful,Dumb,,,,Egoistic,,,Funny,Relaxed,Caring,,Resentful,Dumb,,,,Egoistic
100,456,1,2.0,,5.0,,27.0,1.0,pilut,0.0,2.0,,1.0,Tolerant,,,Relaxed,,Trustworthy,,Dumb,Faithless,,Withdrawn,,Tolerant,,,Relaxed,,Trustworthy,Resentful,,,Choleric,,Egoistic,,,,,,,,,,,,,,,,,,,,,,,,,,,,,,,,,,,,,,,,,,,,,,,,,,,,,,,,,,,,,,,,,,,,,,,,
100,297,1,2.0,,5.0,,28.0,1.0,pilut,1.0,1.0,,4.0,,,,,,,,,,,,,,,,,,,,,,,,,,,,,,,,,,,,,,,,,,,,,,,,,,,,,,,,,,,,,,,,,,,,,,,,,Tolerant,,Funny,,Caring,,,,Faithless,Choleric,Withdrawn,,,Likeable,,Relaxed,,Trustworthy,,,Faithless,Choleric,Withdrawn,
100,213,1,2.0,,5.0,,18.0,1.0,pilut,1.0,2.0,,1.0,Tolerant,,Funny,Relaxed,,,,Dumb,,Choleric,,Egoistic,Tolerant,,Funny,Relaxed,,,Resentful,,Faithless,,Withdrawn,,,,,,,,,,,,,,,,,,,,,,,,,,,,,,,,,,,,,,,,,,,,,,,,,,,,,,,,,,,,,,,,,,,,,,,,,
100,141,1,2.0,,5.0,,23.0,1.0,pilut,0.0,2.0,,1.0,,Likeable,Funny,,Caring,,Resentful,,Faithless,,Withdrawn,,,Likeable,Funny,,Caring,,,Dumb,,Choleric,,Egoistic,,,,,,,,,,,,,,,,,,,,,,,,,,,,,,,,,,,,,,,,,,,,,,,,,,,,,,,,,,,,,,,,,,,,,,,,
100,404,1,2.0,,5.0,,31.0,1.0,pilut,1.0,2.0,,3.0,,,,,,,,,,,,,,,,,,,,,,,,,,,,,,,,,,,,,,,,,,,,,,,,,Tolerant,,Funny,,,Trustworthy,Resentful,Dumb,,,Withdrawn,,Tolerant,,Funny,,,Trustworthy,,,Faithless,Choleric,,Egoistic,,,,,,,,,,,,,,,,,,,,,,,,
100,244,1,2.0,,5.0,,19.0,1.0,pilut,1.0,1.0,,3.0,,,,,,,,,,,,,,,,,,,,,,,,,,,,,,,,,,,,,,,,,,,,,,,,,,Likeable,,Relaxed,Caring,,,Dumb,Faithless,,,Egoistic,,Likeable,,Relaxed,Caring,,Resentful,,,Choleric,Withdrawn,,,,,,,,,,,,,,,,,,,,,,,,,
100,197,1,2.0,,5.0,,20.0,1.0,pilut,0.0,1.0,,4.0,,,,,,,,,,,,,,,,,,,,,,,,,,,,,,,,,,,,,,,,,,,,,,,,,,,,,,,,,,,,,,,,,,,,,,,,,,,Funny,Relaxed,,Trustworthy,Resentful,Dumb,,,Withdrawn,,Tolerant,Likeable,,,Caring,,Resentful,Dumb,,,Withdrawn,
100,447,1,1.0,,5.0,,30.0,1.0,Pilut,0.0,2.0,,2.0,,,,,,,,,,,,,,,,,,,,,,,,,Tolerant,Likeable,,,,Trustworthy,Resentful,,Faithless,,Withdrawn,,,,Funny,Relaxed,Caring,,Resentful,,Faithless,,Withdrawn,,,,,,,,,,,,,,,,,,,,,,,,,,,,,,,,,,,,,,,,,,,,,,,,,
100,248,1,2.0,,5.0,,33.0,1.0,pilut,1.0,4.0,,4.0,,,,,,,,,,,,,,,,,,,,,,,,,,,,,,,,,,,,,,,,,,,,,,,,,,,,,,,,,,,,,,,,,,,,,,,,,Tolerant,Likeable,,Relaxed,,,Resentful,,,,Withdrawn,Egoistic,,,Funny,,Caring,Trustworthy,Resentful,,,,Withdrawn,Egoistic
100,254,1,2.0,,5.0,,28.0,1.0,pilut,1.0,1.0,,4.0,,,,,,,,,,,,,,,,,,,,,,,,,,,,,,,,,,,,,,,,,,,,,,,,,,,,,,,,,,,,,,,,,,,,,,,,,,Likeable,Funny,,,Trustworthy,Resentful,,Faithless,Choleric,,,Tolerant,,,Relaxed,Caring,,Resentful,,Faithless,Choleric,,
100,303,1,1.0,,5.0,,28.0,1.0,pilut,0.0,1.0,,4.0,,,,,,,,,,,,,,,,,,,,,,,,,,,,,,,,,,,,,,,,,,,,,,,,,,,,,,,,,,,,,,,,,,,,,,,,,,Likeable,Funny,,Caring,,,Dumb,Faithless,,Withdrawn,,Tolerant,,,Relaxed,,Trustworthy,,Dumb,Faithless,,Withdrawn,
100,263,1,1.0,,5.0,,25.0,1.0,pilut,1.0,2.0,,1.0,Tolerant,Likeable,,,,Trustworthy,,,Faithless,Choleric,,Egoistic,Tolerant,Likeable,,,,Trustworthy,Resentful,Dumb,,,Withdrawn,,,,,,,,,,,,,,,,,,,,,,,,,,,,,,,,,,,,,,,,,,,,,,,,,,,,,,,,,,,,,,,,,,,,,,,,,
100,309,1,2.0,,5.0,,19.0,1.0,pilut,0.0,1.0,,2.0,,,,,,,,,,,,,,,,,,,,,,,,,,Likeable,,Relaxed,,Trustworthy,Resentful,Dumb,,Choleric,,,Tolerant,,Funny,,Caring,,Resentful,Dumb,,Choleric,,,,,,,,,,,,,,,,,,,,,,,,,,,,,,,,,,,,,,,,,,,,,,,,,,
100,256,1,1.0,,5.0,,21.0,1.0,pilut,1.0,2.0,,3.0,,,,,,,,,,,,,,,,,,,,,,,,,,,,,,,,,,,,,,,,,,,,,,,,,,,Funny,,Caring,Trustworthy,Resentful,,,Choleric,Withdrawn,,,,Funny,,Caring,Trustworthy,,Dumb,Faithless,,,Egoistic,,,,,,,,,,,,,,,,,,,,,,,,
100,261,1,2.0,,5.0,,25.0,1.0,pilut,1.0,2.0,,2.0,,,,,,,,,,,,,,,,,,,,,,,,,,,Funny,Relaxed,Caring,,,,Faithless,Choleric,,Egoistic,Tolerant,Likeable,,,,Trustworthy,,,Faithless,Choleric,,Egoistic,,,,,,,,,,,,,,,,,,,,,,,,,,,,,,,,,,,,,,,,,,,,,,,,
100,455,1,2.0,,5.0,,22.0,1.0,pilut,0.0,1.0,,1.0,,,Funny,Relaxed,,Trustworthy,,Dumb,,Choleric,Withdrawn,,,,Funny,Relaxed,,Trustworthy,Resentful,,Faithless,,,Egoistic,,,,,,,,,,,,,,,,,,,,,,,,,,,,,,,,,,,,,,,,,,,,,,,,,,,,,,,,,,,,,,,,,,,,,,,,
100,216,1,1.0,,5.0,,22.0,1.0,pilut,1.0,1.0,,2.0,,,,,,,,,,,,,,,,,,,,,,,,,,,,Relaxed,Caring,Trustworthy,,Dumb,Faithless,Choleric,,,Tolerant,Likeable,Funny,,,,,Dumb,Faithless,Choleric,,,,,,,,,,,,,,,,,,,,,,,,,,,,,,,,,,,,,,,,,,,,,,,,,,
100,318,1,2.0,,5.0,,21.0,1.0,pilut,1.0,1.0,,3.0,,,,,,,,,,,,,,,,,,,,,,,,,,,,,,,,,,,,,,,,,,,,,,,,,,,Funny,Relaxed,,Trustworthy,Resentful,,Faithless,,,Egoistic,,,Funny,Relaxed,,Trustworthy,,Dumb,,Choleric,Withdrawn,,,,,,,,,,,,,,,,,,,,,,,,,
100,259,1,1.0,,5.0,,31.0,1.0,Pilut,1.0,2.0,,2.0,,,,,,,,,,,,,,,,,,,,,,,,,,Likeable,,Relaxed,Caring,,Resentful,Dumb,,,,Egoistic,Tolerant,,Funny,,,Trustworthy,Resentful,Dumb,,,,Egoistic,,,,,,,,,,,,,,,,,,,,,,,,,,,,,,,,,,,,,,,,,,,,,,,,
100,249,1,1.0,,5.0,,21.0,1.0,pilut,1.0,1.0,,4.0,,,,,,,,,,,,,,,,,,,,,,,,,,,,,,,,,,,,,,,,,,,,,,,,,,,,,,,,,,,,,,,,,,,,,,,,,Tolerant,Likeable,,,Caring,,,Dumb,Faithless,,Withdrawn,,,,Funny,Relaxed,,Trustworthy,,Dumb,Faithless,,Withdrawn,
100,299,1,1.0,,4.0,,35.0,1.0,Pilut,0.0,1.0,,2.0,,,,,,,,,,,,,,,,,,,,,,,,,Tolerant,Likeable,Funny,,,,,,Faithless,Choleric,,Egoistic,,,,Relaxed,Caring,Trustworthy,,,Faithless,Choleric,,Egoistic,,,,,,,,,,,,,,,,,,,,,,,,,,,,,,,,,,,,,,,,,,,,,,,,
100,285,1,2.0,,5.0,,31.0,1.0,pilut,1.0,1.0,,1.0,,Likeable,,Relaxed,,Trustworthy,Resentful,,,,Withdrawn,Egoistic,,Likeable,,Relaxed,,Trustworthy,,Dumb,Faithless,Choleric,,,,,,,,,,,,,,,,,,,,,,,,,,,,,,,,,,,,,,,,,,,,,,,,,,,,,,,,,,,,,,,,,,,,,,,,,,
100,346,1,1.0,,4.0,,26.0,1.0,Pilut,0.0,2.0,,2.0,,,,,,,,,,,,,,,,,,,,,,,,,Tolerant,Likeable,Funny,,,,,,Faithless,Choleric,Withdrawn,,,,,Relaxed,Caring,Trustworthy,,,Faithless,Choleric,Withdrawn,,,,,,,,,,,,,,,,,,,,,,,,,,,,,,,,,,,,,,,,,,,,,,,,,
100,228,1,2.0,,5.0,,32.0,1.0,Pilut,0.0,2.0,,1.0,Tolerant,,,Relaxed,Caring,,Resentful,,Faithless,,,Egoistic,Tolerant,,,Relaxed,Caring,,,Dumb,,Choleric,Withdrawn,,,,,,,,,,,,,,,,,,,,,,,,,,,,,,,,,,,,,,,,,,,,,,,,,,,,,,,,,,,,,,,,,,,,,,,,,
100,292,1,1.0,,7.0,,27.0,1.0,pilut ,0.0,1.0,,4.0,,,,,,,,,,,,,,,,,,,,,,,,,,,,,,,,,,,,,,,,,,,,,,,,,,,,,,,,,,,,,,,,,,,,,,,,,Tolerant,,Funny,Relaxed,,,Resentful,Dumb,Faithless,,,,,Likeable,,,Caring,Trustworthy,Resentful,Dumb,Faithless,,,
100,232,1,1.0,,5.0,,21.0,1.0,pilut,1.0,1.0,,3.0,,,,,,,,,,,,,,,,,,,,,,,,,,,,,,,,,,,,,,,,,,,,,,,,,Tolerant,Likeable,,Relaxed,,,,Dumb,Faithless,,,Egoistic,Tolerant,Likeable,,Relaxed,,,Resentful,,,Choleric,Withdrawn,,,,,,,,,,,,,,,,,,,,,,,,,
100,237,1,1.0,,5.0,,20.0,1.0,pilut,0.0,1.0,,3.0,,,,,,,,,,,,,,,,,,,,,,,,,,,,,,,,,,,,,,,,,,,,,,,,,Tolerant,,Funny,,Caring,,Resentful,Dumb,Faithless,,,,Tolerant,,Funny,,Caring,,,,,Choleric,Withdrawn,Egoistic,,,,,,,,,,,,,,,,,,,,,,,,
100,414,1,2.0,,5.0,,19.0,1.0,pilut,1.0,1.0,,1.0,Tolerant,Likeable,Funny,,,,,,Faithless,,Withdrawn,Egoistic,Tolerant,Likeable,Funny,,,,Resentful,Dumb,,Choleric,,,,,,,,,,,,,,,,,,,,,,,,,,,,,,,,,,,,,,,,,,,,,,,,,,,,,,,,,,,,,,,,,,,,,,,,,,
100,301,1,1.0,,9.0,,29.0,1.0,pilut,1.0,2.0,,2.0,,,,,,,,,,,,,,,,,,,,,,,,,,Likeable,Funny,,Caring,,Resentful,Dumb,,,Withdrawn,,Tolerant,,,Relaxed,,Trustworthy,Resentful,Dumb,,,Withdrawn,,,,,,,,,,,,,,,,,,,,,,,,,,,,,,,,,,,,,,,,,,,,,,,,,
100,461,1,2.0,,5.0,,30.0,1.0,pilut,1.0,1.0,,2.0,,,,,,,,,,,,,,,,,,,,,,,,,Tolerant,,,,Caring,Trustworthy,,Dumb,,Choleric,Withdrawn,,,Likeable,Funny,Relaxed,,,,Dumb,,Choleric,Withdrawn,,,,,,,,,,,,,,,,,,,,,,,,,,,,,,,,,,,,,,,,,,,,,,,,,
100,349,1,2.0,,5.0,,20.0,1.0,pilut,0.0,1.0,,3.0,,,,,,,,,,,,,,,,,,,,,,,,,,,,,,,,,,,,,,,,,,,,,,,,,Tolerant,,,Relaxed,,Trustworthy,Resentful,Dumb,Faithless,,,,Tolerant,,,Relaxed,,Trustworthy,,,,Choleric,Withdrawn,Egoistic,,,,,,,,,,,,,,,,,,,,,,,,
100,415,1,2.0,,5.0,,24.0,1.0,pilut,0.0,2.0,,1.0,Tolerant,,Funny,,Caring,,Resentful,Dumb,,,,Egoistic,Tolerant,,Funny,,Caring,,,,Faithless,Choleric,Withdrawn,,,,,,,,,,,,,,,,,,,,,,,,,,,,,,,,,,,,,,,,,,,,,,,,,,,,,,,,,,,,,,,,,,,,,,,,,
100,254,1,2.0,,5.0,,28.0,1.0,pilut,1.0,1.0,,3.0,,,,,,,,,,,,,,,,,,,,,,,,,,,,,,,,,,,,,,,,,,,,,,,,,Tolerant,,,,Caring,Trustworthy,,Dumb,Faithless,Choleric,,,Tolerant,,,,Caring,Trustworthy,Resentful,,,,Withdrawn,Egoistic,,,,,,,,,,,,,,,,,,,,,,,,
100,137,1,2.0,,5.0,,30.0,1.0,pilut,1.0,2.0,,1.0,,,Funny,Relaxed,,Trustworthy,,Dumb,,Choleric,,Egoistic,,,Funny,Relaxed,,Trustworthy,Resentful,,Faithless,,Withdrawn,,,,,,,,,,,,,,,,,,,,,,,,,,,,,,,,,,,,,,,,,,,,,,,,,,,,,,,,,,,,,,,,,,,,,,,,,
100,279,1,1.0,,5.0,,19.0,1.0,pilut,1.0,1.0,,4.0,,,,,,,,,,,,,,,,,,,,,,,,,,,,,,,,,,,,,,,,,,,,,,,,,,,,,,,,,,,,,,,,,,,,,,,,,,,,Relaxed,Caring,Trustworthy,,,Faithless,Choleric,,Egoistic,Tolerant,Likeable,Funny,,,,,,Faithless,Choleric,,Egoistic
100,360,1,2.0,,4.0,,18.0,1.0,pilut,1.0,1.0,,2.0,,,,,,,,,,,,,,,,,,,,,,,,,,Likeable,,Relaxed,Caring,,,Dumb,,,Withdrawn,Egoistic,Tolerant,,Funny,,,Trustworthy,,Dumb,,,Withdrawn,Egoistic,,,,,,,,,,,,,,,,,,,,,,,,,,,,,,,,,,,,,,,,,,,,,,,,
100,342,1,1.0,,4.0,,26.0,1.0,pilut,0.0,1.0,,1.0,,,Funny,Relaxed,,Trustworthy,Resentful,,Faithless,,,Egoistic,,,Funny,Relaxed,,Trustworthy,,Dumb,,Choleric,Withdrawn,,,,,,,,,,,,,,,,,,,,,,,,,,,,,,,,,,,,,,,,,,,,,,,,,,,,,,,,,,,,,,,,,,,,,,,,,
100,467,1,1.0,,5.0,,21.0,1.0,pilut,1.0,2.0,,1.0,Tolerant,,,,Caring,Trustworthy,Resentful,,,Choleric,,Egoistic,Tolerant,,,,Caring,Trustworthy,,Dumb,Faithless,,Withdrawn,,,,,,,,,,,,,,,,,,,,,,,,,,,,,,,,,,,,,,,,,,,,,,,,,,,,,,,,,,,,,,,,,,,,,,,,,
100,267,1,2.0,,5.0,,29.0,1.0,pilut,0.0,1.0,,4.0,,,,,,,,,,,,,,,,,,,,,,,,,,,,,,,,,,,,,,,,,,,,,,,,,,,,,,,,,,,,,,,,,,,,,,,,,,Likeable,,,Caring,Trustworthy,Resentful,,,Choleric,,Egoistic,Tolerant,,Funny,Relaxed,,,Resentful,,,Choleric,,Egoistic
100,314,1,2.0,,4.0,,20.0,1.0,pilut,1.0,1.0,,3.0,,,,,,,,,,,,,,,,,,,,,,,,,,,,,,,,,,,,,,,,,,,,,,,,,Tolerant,Likeable,,Relaxed,,,,,Faithless,Choleric,Withdrawn,,Tolerant,Likeable,,Relaxed,,,Resentful,Dumb,,,,Egoistic,,,,,,,,,,,,,,,,,,,,,,,,
100,398,1,1.0,,9.0,,23.0,1.0,pilut,0.0,1.0,,1.0,,Likeable,,,Caring,Trustworthy,,,Faithless,Choleric,Withdrawn,,,Likeable,,,Caring,Trustworthy,Resentful,Dumb,,,,Egoistic,,,,,,,,,,,,,,,,,,,,,,,,,,,,,,,,,,,,,,,,,,,,,,,,,,,,,,,,,,,,,,,,,,,,,,,,
100,371,1,2.0,,5.0,,22.0,1.0,pilut,1.0,1.0,,4.0,,,,,,,,,,,,,,,,,,,,,,,,,,,,,,,,,,,,,,,,,,,,,,,,,,,,,,,,,,,,,,,,,,,,,,,,,Tolerant,,,,Caring,Trustworthy,Resentful,,,Choleric,Withdrawn,,,Likeable,Funny,Relaxed,,,Resentful,,,Choleric,Withdrawn,
100,367,1,2.0,,5.0,,29.0,1.0,pilut,1.0,2.0,,3.0,,,,,,,,,,,,,,,,,,,,,,,,,,,,,,,,,,,,,,,,,,,,,,,,,,Likeable,,Relaxed,Caring,,,Dumb,,Choleric,,Egoistic,,Likeable,,Relaxed,Caring,,Resentful,,Faithless,,Withdrawn,,,,,,,,,,,,,,,,,,,,,,,,,
100,301,1,2.0,,5.0,,25.0,1.0,pilut,1.0,1.0,,4.0,,,,,,,,,,,,,,,,,,,,,,,,,,,,,,,,,,,,,,,,,,,,,,,,,,,,,,,,,,,,,,,,,,,,,,,,,Tolerant,,Funny,,,Trustworthy,Resentful,Dumb,Faithless,,,,,Likeable,,Relaxed,Caring,,Resentful,Dumb,Faithless,,,
100,274,1,1.0,,5.0,,29.0,1.0,pilut,0.0,1.0,,1.0,Tolerant,Likeable,,,Caring,,,Dumb,,Choleric,Withdrawn,,Tolerant,Likeable,,,Caring,,Resentful,,Faithless,,,Egoistic,,,,,,,,,,,,,,,,,,,,,,,,,,,,,,,,,,,,,,,,,,,,,,,,,,,,,,,,,,,,,,,,,,,,,,,,
100,431,1,1.0,,5.0,,20.0,1.0,Pilut ,1.0,1.0,,3.0,,,,,,,,,,,,,,,,,,,,,,,,,,,,,,,,,,,,,,,,,,,,,,,,,,,Funny,Relaxed,Caring,,Resentful,Dumb,,,Withdrawn,,,,Funny,Relaxed,Caring,,,,Faithless,Choleric,,Egoistic,,,,,,,,,,,,,,,,,,,,,,,,
100,383,1,1.0,,6.0,,19.0,1.0,Pilut,1.0,1.0,,2.0,,,,,,,,,,,,,,,,,,,,,,,,,Tolerant,,Funny,Relaxed,,,,Dumb,Faithless,,Withdrawn,,,Likeable,,,Caring,Trustworthy,,Dumb,Faithless,,Withdrawn,,,,,,,,,,,,,,,,,,,,,,,,,,,,,,,,,,,,,,,,,,,,,,,,,
100,359,1,1.0,,5.0,,19.0,1.0,pilut,1.0,1.0,,2.0,,,,,,,,,,,,,,,,,,,,,,,,,,,Funny,,Caring,Trustworthy,Resentful,,Faithless,,Withdrawn,,Tolerant,Likeable,,Relaxed,,,Resentful,,Faithless,,Withdrawn,,,,,,,,,,,,,,,,,,,,,,,,,,,,,,,,,,,,,,,,,,,,,,,,,
100,317,1,2.0,,5.0,,21.0,1.0,pilut,1.0,1.0,,3.0,,,,,,,,,,,,,,,,,,,,,,,,,,,,,,,,,,,,,,,,,,,,,,,,,Tolerant,,Funny,,,Trustworthy,Resentful,Dumb,,,,Egoistic,Tolerant,,Funny,,,Trustworthy,,,Faithless,Choleric,Withdrawn,,,,,,,,,,,,,,,,,,,,,,,,,
100,484,1,2.0,,5.0,,18.0,1.0,pilut,0.0,2.0,:),2.0,,,,,,,,,,,,,,,,,,,,,,,,,,Likeable,,Relaxed,,Trustworthy,Resentful,Dumb,Faithless,,,,Tolerant,,Funny,,Caring,,Resentful,Dumb,Faithless,,,,,,,,,,,,,,,,,,,,,,,,,,,,,,,,,,,,,,,,,,,,,,,,,,,
100,314,1,1.0,,5.0,,19.0,1.0,Pilut,0.0,2.0,,4.0,,,,,,,,,,,,,,,,,,,,,,,,,,,,,,,,,,,,,,,,,,,,,,,,,,,,,,,,,,,,,,,,,,,,,,,,,Tolerant,,Funny,Relaxed,,,,,Faithless,,Withdrawn,Egoistic,,Likeable,,,Caring,Trustworthy,,,Faithless,,Withdrawn,Egoistic
100,315,1,2.0,,4.0,,20.0,1.0,pilut,0.0,1.0,,1.0,Tolerant,,,Relaxed,Caring,,,,Faithless,Choleric,Withdrawn,,Tolerant,,,Relaxed,Caring,,Resentful,Dumb,,,,Egoistic,,,,,,,,,,,,,,,,,,,,,,,,,,,,,,,,,,,,,,,,,,,,,,,,,,,,,,,,,,,,,,,,,,,,,,,,
100,442,1,2.0,,5.0,,39.0,1.0,pilut,0.0,1.0,,3.0,,,,,,,,,,,,,,,,,,,,,,,,,,,,,,,,,,,,,,,,,,,,,,,,,,Likeable,,Relaxed,Caring,,Resentful,,,Choleric,,Egoistic,,Likeable,,Relaxed,Caring,,,Dumb,Faithless,,Withdrawn,,,,,,,,,,,,,,,,,,,,,,,,,
100,295,1,1.0,,5.0,,28.0,1.0,Pilut,0.0,1.0,,3.0,,,,,,,,,,,,,,,,,,,,,,,,,,,,,,,,,,,,,,,,,,,,,,,,,,Likeable,Funny,,,Trustworthy,Resentful,,,Choleric,Withdrawn,,,Likeable,Funny,,,Trustworthy,,Dumb,Faithless,,,Egoistic,,,,,,,,,,,,,,,,,,,,,,,,
100,357,1,2.0,,5.0,,22.0,1.0,pilut,1.0,1.0,,2.0,,,,,,,,,,,,,,,,,,,,,,,,,Tolerant,,Funny,,,Trustworthy,Resentful,Dumb,,,Withdrawn,,,Likeable,,Relaxed,Caring,,Resentful,Dumb,,,Withdrawn,,,,,,,,,,,,,,,,,,,,,,,,,,,,,,,,,,,,,,,,,,,,,,,,,
100,340,1,1.0,,8.0,,31.0,1.0,pilut,1.0,1.0,,3.0,,,,,,,,,,,,,,,,,,,,,,,,,,,,,,,,,,,,,,,,,,,,,,,,,,Likeable,,Relaxed,Caring,,,Dumb,,Choleric,Withdrawn,,,Likeable,,Relaxed,Caring,,Resentful,,Faithless,,,Egoistic,,,,,,,,,,,,,,,,,,,,,,,,
100,351,1,2.0,,10.0,Middle-European,31.0,1.0,pilut,0.0,2.0,,4.0,,,,,,,,,,,,,,,,,,,,,,,,,,,,,,,,,,,,,,,,,,,,,,,,,,,,,,,,,,,,,,,,,,,,,,,,,Tolerant,,Funny,,Caring,,,Dumb,,,Withdrawn,Egoistic,,Likeable,,Relaxed,,Trustworthy,,Dumb,,,Withdrawn,Egoistic
100,450,1,2.0,,4.0,,23.0,1.0,pilut,0.0,3.0,,1.0,,,Funny,,Caring,Trustworthy,,Dumb,Faithless,,,Egoistic,,,Funny,,Caring,Trustworthy,Resentful,,,Choleric,Withdrawn,,,,,,,,,,,,,,,,,,,,,,,,,,,,,,,,,,,,,,,,,,,,,,,,,,,,,,,,,,,,,,,,,,,,,,,,,
100,312,1,2.0,,5.0,,27.0,1.0,pilut,0.0,2.0,,2.0,,,,,,,,,,,,,,,,,,,,,,,,,,Likeable,Funny,Relaxed,,,Resentful,,,,Withdrawn,Egoistic,Tolerant,,,,Caring,Trustworthy,Resentful,,,,Withdrawn,Egoistic,,,,,,,,,,,,,,,,,,,,,,,,,,,,,,,,,,,,,,,,,,,,,,,,
100,450,1,1.0,,4.0,,32.0,1.0,Pilut,1.0,2.0,,2.0,,,,,,,,,,,,,,,,,,,,,,,,,Tolerant,,,Relaxed,Caring,,,,Faithless,,Withdrawn,Egoistic,,Likeable,Funny,,,Trustworthy,,,Faithless,,Withdrawn,Egoistic,,,,,,,,,,,,,,,,,,,,,,,,,,,,,,,,,,,,,,,,,,,,,,,,
100,444,1,2.0,,5.0,,43.0,1.0,pilut,1.0,1.0,,4.0,,,,,,,,,,,,,,,,,,,,,,,,,,,,,,,,,,,,,,,,,,,,,,,,,,,,,,,,,,,,,,,,,,,,,,,,,,Likeable,,,Caring,Trustworthy,,Dumb,,,Withdrawn,Egoistic,Tolerant,,Funny,Relaxed,,,,Dumb,,,Withdrawn,Egoistic
100,415,1,1.0,,4.0,,21.0,1.0,pilut,0.0,2.0,,4.0,,,,,,,,,,,,,,,,,,,,,,,,,,,,,,,,,,,,,,,,,,,,,,,,,,,,,,,,,,,,,,,,,,,,,,,,,Tolerant,,,Relaxed,,Trustworthy,Resentful,,Faithless,,Withdrawn,,,Likeable,Funny,,Caring,,Resentful,,Faithless,,Withdrawn,
100,431,1,1.0,,4.0,,64.0,1.0,pilut,1.0,1.0,,2.0,,,,,,,,,,,,,,,,,,,,,,,,,,Likeable,,Relaxed,,Trustworthy,,Dumb,Faithless,Choleric,,,Tolerant,,Funny,,Caring,,,Dumb,Faithless,Choleric,,,,,,,,,,,,,,,,,,,,,,,,,,,,,,,,,,,,,,,,,,,,,,,,,,
100,428,1,2.0,,5.0,,61.0,1.0,pilut,1.0,1.0,,4.0,,,,,,,,,,,,,,,,,,,,,,,,,,,,,,,,,,,,,,,,,,,,,,,,,,,,,,,,,,,,,,,,,,,,,,,,,,Likeable,,Relaxed,Caring,,Resentful,Dumb,Faithless,,,,Tolerant,,Funny,,,Trustworthy,Resentful,Dumb,Faithless,,,
100,414,1,1.0,,5.0,,55.0,1.0,pilut,1.0,4.0,,2.0,,,,,,,,,,,,,,,,,,,,,,,,,,Likeable,,Relaxed,,Trustworthy,Resentful,,,Choleric,Withdrawn,,Tolerant,,Funny,,Caring,,Resentful,,,Choleric,Withdrawn,,,,,,,,,,,,,,,,,,,,,,,,,,,,,,,,,,,,,,,,,,,,,,,,,
100,452,1,2.0,,4.0,,32.0,1.0,pilut,0.0,1.0,,3.0,,,,,,,,,,,,,,,,,,,,,,,,,,,,,,,,,,,,,,,,,,,,,,,,,,Likeable,Funny,Relaxed,,,,Dumb,Faithless,Choleric,,,,Likeable,Funny,Relaxed,,,Resentful,,,,Withdrawn,Egoistic,,,,,,,,,,,,,,,,,,,,,,,,
100,431,1,2.0,,5.0,,18.0,1.0,pilut,1.0,3.0,,2.0,,,,,,,,,,,,,,,,,,,,,,,,,Tolerant,Likeable,,,Caring,,,Dumb,,Choleric,,Egoistic,,,Funny,Relaxed,,Trustworthy,,Dumb,,Choleric,,Egoistic,,,,,,,,,,,,,,,,,,,,,,,,,,,,,,,,,,,,,,,,,,,,,,,,
100,433,1,2.0,,5.0,,29.0,1.0,pilut ,0.0,2.0,,4.0,,,,,,,,,,,,,,,,,,,,,,,,,,,,,,,,,,,,,,,,,,,,,,,,,,,,,,,,,,,,,,,,,,,,,,,,,Tolerant,,Funny,,,Trustworthy,,Dumb,,Choleric,,Egoistic,,Likeable,,Relaxed,Caring,,,Dumb,,Choleric,,Egoistic
100,484,1,2.0,,8.0,,32.0,1.0,pilut,1.0,1.0,,1.0,Tolerant,Likeable,,,Caring,,Resentful,Dumb,Faithless,,,,Tolerant,Likeable,,,Caring,,,,,Choleric,Withdrawn,Egoistic,,,,,,,,,,,,,,,,,,,,,,,,,,,,,,,,,,,,,,,,,,,,,,,,,,,,,,,,,,,,,,,,,,,,,,,,
100,467,1,2.0,,6.0,,28.0,1.0,pilut,0.0,1.0,,1.0,Tolerant,Likeable,,Relaxed,,,,Dumb,Faithless,,Withdrawn,,Tolerant,Likeable,,Relaxed,,,Resentful,,,Choleric,,Egoistic,,,,,,,,,,,,,,,,,,,,,,,,,,,,,,,,,,,,,,,,,,,,,,,,,,,,,,,,,,,,,,,,,,,,,,,,
100,492,1,1.0,,4.0,,48.0,1.0,pilut,1.0,2.0,,1.0,Tolerant,Likeable,,Relaxed,,,Resentful,,,Choleric,Withdrawn,,Tolerant,Likeable,,Relaxed,,,,Dumb,Faithless,,,Egoistic,,,,,,,,,,,,,,,,,,,,,,,,,,,,,,,,,,,,,,,,,,,,,,,,,,,,,,,,,,,,,,,,,,,,,,,,
100,476,1,1.0,,5.0,,24.0,1.0,pilut,1.0,4.0,,2.0,,,,,,,,,,,,,,,,,,,,,,,,,Tolerant,,Funny,Relaxed,,,,,Faithless,Choleric,,Egoistic,,Likeable,,,Caring,Trustworthy,,,Faithless,Choleric,,Egoistic,,,,,,,,,,,,,,,,,,,,,,,,,,,,,,,,,,,,,,,,,,,,,,,,
100,345,1,2.0,,5.0,,34.0,1.0,pilut,0.0,1.0,,4.0,,,,,,,,,,,,,,,,,,,,,,,,,,,,,,,,,,,,,,,,,,,,,,,,,,,,,,,,,,,,,,,,,,,,,,,,,Tolerant,,Funny,Relaxed,,,,Dumb,Faithless,,Withdrawn,,,Likeable,,,Caring,Trustworthy,,Dumb,Faithless,,Withdrawn,
100,187,1,2.0,,5.0,,18.0,1.0,pilut,1.0,1.0,,1.0,,Likeable,,Relaxed,Caring,,Resentful,Dumb,,Choleric,,,,Likeable,,Relaxed,Caring,,,,Faithless,,Withdrawn,Egoistic,,,,,,,,,,,,,,,,,,,,,,,,,,,,,,,,,,,,,,,,,,,,,,,,,,,,,,,,,,,,,,,,,,,,,,,,
100,206,1,2.0,,5.0,,23.0,1.0,pilut,1.0,1.0,,2.0,,,,,,,,,,,,,,,,,,,,,,,,,Tolerant,Likeable,Funny,,,,,Dumb,,Choleric,,Egoistic,,,,Relaxed,Caring,Trustworthy,,Dumb,,Choleric,,Egoistic,,,,,,,,,,,,,,,,,,,,,,,,,,,,,,,,,,,,,,,,,,,,,,,,
100,252,1,2.0,,5.0,,22.0,1.0,pilut,1.0,2.0,,3.0,,,,,,,,,,,,,,,,,,,,,,,,,,,,,,,,,,,,,,,,,,,,,,,,,,Likeable,Funny,,Caring,,Resentful,Dumb,,,,Egoistic,,Likeable,Funny,,Caring,,,,Faithless,Choleric,Withdrawn,,,,,,,,,,,,,,,,,,,,,,,,,
100,278,1,1.0,,4.0,,29.0,1.0,pilut,0.0,1.0,,1.0,,Likeable,Funny,,,Trustworthy,Resentful,,,Choleric,Withdrawn,,,Likeable,Funny,,,Trustworthy,,Dumb,Faithless,,,Egoistic,,,,,,,,,,,,,,,,,,,,,,,,,,,,,,,,,,,,,,,,,,,,,,,,,,,,,,,,,,,,,,,,,,,,,,,,
100,407,1,1.0,,5.0,,22.0,1.0,pilut,0.0,1.0,,4.0,,,,,,,,,,,,,,,,,,,,,,,,,,,,,,,,,,,,,,,,,,,,,,,,,,,,,,,,,,,,,,,,,,,,,,,,,,,Funny,,Caring,Trustworthy,,Dumb,,,Withdrawn,Egoistic,Tolerant,Likeable,,Relaxed,,,,Dumb,,,Withdrawn,Egoistic
100,158,1,2.0,,4.0,,21.0,1.0,pilut,1.0,1.0,,3.0,,,,,,,,,,,,,,,,,,,,,,,,,,,,,,,,,,,,,,,,,,,,,,,,,,Likeable,Funny,,,Trustworthy,,Dumb,Faithless,,,Egoistic,,Likeable,Funny,,,Trustworthy,Resentful,,,Choleric,Withdrawn,,,,,,,,,,,,,,,,,,,,,,,,,
100,241,1,1.0,,5.0,,44.0,1.0,Pilut,1.0,1.0,,2.0,,,,,,,,,,,,,,,,,,,,,,,,,Tolerant,,,,Caring,Trustworthy,Resentful,Dumb,Faithless,,,,,Likeable,Funny,Relaxed,,,Resentful,Dumb,Faithless,,,,,,,,,,,,,,,,,,,,,,,,,,,,,,,,,,,,,,,,,,,,,,,,,,,
